"long";"lat"
40.7716666666667;40.9426666666667
40.7716666666667;40.9426666666667
35.8475;41.3152777777778
22.4286111111111;44.7172222222222
25.5477777777778;46.5813888888889
13.8166666666667;46.5833333333333
14.8333333333333;46.8333333333333
14.8;46.9333333333333
14.8;46.9333333333333
14.8;46.9333333333333
15.8833333333333;46.9333333333333
15.8833333333333;46.9333333333333
15.8666666666667;46.9666666666667
14;47.55
16.4333333333333;47.7241666666667
17.6797222222222;47.7761111111111
16.7575;49.3761111111111
14.1211111111111;49.4030555555556
15.6272222222222;49.8083333333333
15.6691666666667;49.9597222222222
15.6691666666667;49.9597222222222
14.2794444444444;50.0025
15.815;50.0805555555556
15.815;50.0805555555556
15.6405555555556;50.3008333333333
13.8360277777778;50.4419444444444
13.8361388888889;50.4421666666667
13.8361388888889;50.4421666666667
13.8031111111111;50.4550277777778
13.8031111111111;50.4550277777778
13.7993888888889;50.4569444444444
13.8086666666667;50.4642777777778
13.8198333333333;50.4644166666667
13.8196944444444;50.4645277777778
13.8196944444444;50.4646666666667
13.8293611111111;50.4680833333333
13.8295;50.4683055555556
13.8309166666667;50.4693055555556
16.3666666666667;50.6166666666667
13.7751325;50.4110347
14.3946561;50.1288686
14.3946561;50.1288686
15.5797678;49.8311261
15.5797678;49.8311261
12.8926858;49.4298514
13.3101694;49.367055
20.2751;63.798
15.7351;56.9413
14.5281;58.5176
15.7942;56.9423
15.7325;56.9518
17.4443;61.624
10.53025;59.53408
12.9722;55.5691
16.1181;58.6931
16.1168;58.6924
16.5894;57.7053
16.1186;58.6934
12.373;57.4982
12.5617;56.185
12.5617;56.1854
12.5598;56.2755
12.5893;56.2581
17.0199;63.684
12.5614;56.1869
12.5626;56.2077
12.5883;56.2579
12.373;57.4982
16.8496;58.9971
15.4151;62.3397
12.5624;56.2197
12.5925;56.2578
12.5427;56.2276
10.02516;59.22897
12.5622;56.2196
12.5427;56.2272
12.5876;56.2578
12.5909;56.1829
12.5597;56.2756
12.3718;57.4972
12.5641;56.2074
16.9925;58.9922
17.9324;63.6383
16.9925;58.9922
16.2226;59.4678
10.02516;59.22897
10.01027;59.21133
16.9471;58.9842
12.372;57.4971
16.9908;59.1187
17.4791;59.6673
17.4791;59.6672
12.373;57.4982
12.12429;60.01008
16.8442;58.9917
17.389;59.6558
10.01955;59.21643
16.9451;58.9869
17.493;59.6603
17.4939;59.6602
17.4791;59.6673
10.01027;59.21133
10.49765;59.20412
10.49765;59.20412
10.01955;59.21643
16.9478;58.9837
9.6724;59.10198
8.03545;59.44476
12.1678;58.8526
16.9876;59.1197
12.1683;58.8526
16.9929;58.9932
8.03545;59.44476
8.11857;58.22747
10.0099;59.21123
10.01027;59.21133
10.01027;59.21133
10.01027;59.21133
10.02516;59.22897
10.68497;59.54479
15.8804;58.7159
10.01027;59.21133
10.01027;59.21133
8.03545;59.44476
5.731;58.83346
5.73614;58.83376
5.73469;58.83386
13.7991;55.6567
6.55076;58.42729
16.1807;62.1726
18.6689;64.6072
11.7428;58.5322
12.0086;57.7632
12.0033;57.8338
15.1174;64.3232
18.2783;59.172
13.397;55.6805
15.3652;64.2406
11.9144;57.5927
15.3558;64.2396
11.9471;57.5851
15.1178;64.3234
11.7796;58.526
17.4444;59.5595
12.0133;57.6991
16.1876;62.1705
15.0037;58.5477
11.7796;58.526
11.9351;57.6867
14.2436;57.7795
16.1882;62.1704
15.0298;64.3087
11.7428;58.5322
15.0362;64.3067
11.9086;57.7032
11.9848;57.7596
15.2756;64.3103
13.6816;60.8651
15.1178;64.3234
16.4092;56.318
16.1804;62.1729
16.8227;59.0915
16.4148;56.3184
15.3558;64.2396
15.0298;64.3087
16.8227;59.0915
10.99923;59.84067
6.55076;58.42729
16.1876;62.1705
11.20386;60.33774
15.1174;64.3232
16.8029;60.1646
20.1875;63.8715
10.94679;59.83929
18.2783;59.172
15.2773;64.3092
16.1807;62.1726
15.2756;64.3103
16.1882;62.1704
11.01783;59.88025
10.99923;59.84067
15.0405;59.4521
15.0406;59.4522
15.04;59.4502
11.02041;59.88056
14.1254;55.9601
9.94876;59.0615
10.99788;59.84905
6.55076;58.42729
8.02805;58.18274
7.98267;58.16588
10.94137;59.84997
9.91182;59.10978
11.20386;60.33774
4.49;53.16
4.49;53.16
4.49;53.16
4.49;53.16
4.49;53.16
12.51;41.93
4.49;53.16
4.49;53.16
12.51;41.93
12.51;41.93
6.85;52.25
4.49;53.16
4.49;53.16
15.6193;58.3562
15.604;58.38
15.6026;58.3746
4.49;53.16
15.6109;58.3889
4.49;53.16
17.3479;60.713
14.3393;58.0291
16.7721;63.2524
11.1653;58.7477
16.2578;60.1583
14.6996;57.0349
14.79;60.4888
14.6996;57.0349
15.0419;64.3195
14.79;60.4888
15.0877;64.3287
16.9789;60.773
11.3595;58.365
15.0875;64.3287
11.179;58.7214
14.7808;56.8653
16.2535;56.6814
15.0416;64.3194
11.177;58.7271
15.0418;64.3198
14.9985;63.3621
14.9985;63.3621
17.3479;60.713
16.2531;56.6818
15.7287;62.0721
22.3274;65.5644
15.0419;64.3198
17.5801;59.7775
12.0978;57.7903
15.1184;64.4301
12.0978;57.7903
11.9109;57.7683
22.3349;65.537
17.4632;59.5423
22.3248;65.5649
11.7659;57.7425
12.06;57.8087
12.0025;57.7568
17.2983;60.4298
15.042;64.32
12.06;57.8087
15.0877;64.3287
11.9109;57.7683
22.3285;65.5426
20.1701;64.2684
16.2535;56.6814
13.26419;51.06583
15.0871;64.3287
11.7659;57.7425
17.2006;60.7901
13.20826;51.07497
16.2531;56.6818
16.2738;56.6416
15.1169;64.43
12.0025;57.7568
17.0886;60.6595
17.0886;60.6595
15.0139;63.3602
16.2535;56.6814
16.2531;56.6818
16.2531;56.6818
14.9416;59.9345
10.83991;61.6058
16.2535;56.6814
17.0918;60.6687
15.7287;62.0721
17.4308;60.4915
16.9789;60.773
16.419;60.3502
16.2646;56.6415
10.72184;59.69516
10.74786;59.77929
10.74786;59.77929
10.74786;59.77929
10.74786;59.77929
10.74786;59.77929
16.2535;56.6814
16.2531;56.6818
17.4768;59.7406
4.48;52.18
16.4717;61.1294
16.5515;64.6626
13.7049;58.51
16.4789;61.1289
21.2352;65.5474
21.234;65.5471
21.2342;65.5467
16.4789;61.1289
17.9008;59.5313
11.6096;57.7728
16.4717;61.1294
21.2342;65.5455
13.5887;56.1472
21.2364;65.5469
11.6096;57.7728
17.9169;59.8397
15.3453;58.9136
16.333;56.6864
12.2805;57.426
16.3139;56.6797
16.7699;63.2529
16.093;64.0445
12.2804;57.426
13.6872;58.5016
16.2013;57.0093
22.3926;65.5542
15.0677;64.3414
16.333;56.6864
16.7525;63.2628
22.3946;65.5548
22.3095;65.5709
22.3684;65.5718
15.0678;64.3409
15.127;64.4512
15.1313;59.2657
17.9008;59.8383
12.2852;57.4327
14.5557;56.0302
17.9008;59.5312
12.2852;57.4327
16.3139;56.6797
17.8988;59.5307
15.1515;64.4338
25.1836;60.3560999991898
10.50643;59.9263
10.63137;59.92049
13.0661;56.7308
17.9041;59.5898
22.4;38.01
22.4;38.01
12.6939;60.9661
16.272;59.5256
10.34255;59.22247
14.9198;56.1717
15.6086;58.3801
18.1559;59.3543
15.6121;58.3675
15.6144;58.3806
17.3891;59.6558
16.8253;60.2614
17.6211;59.6867
16.0288;62.504
16.4917;61.2773
20.3376;63.8003
17.3891;59.6558
15.6421;60.5757
15.4551;60.4495
15.7555;58.2776
15.5439;60.5108
17.0135;60.6615
16.1751;61.7327
13.4013;56.5867
17.6211;59.6867
15.541;60.5096
17.0135;60.6615
16.1721;61.7365
16.1523;61.7872
15.2308;60.2632
16.1523;61.7872
15.5391;60.4209
15.541;60.5096
15.352;60.3277
16.158;61.8051
16.8254;60.2614
16.8223;60.2613
17.6202;59.6835
15.277;60.3023
15.541;60.5096
16.0288;62.504
15.6616;58.2061
15.7742;58.3317
15.2336;60.3013
15.277;60.3023
16.1523;61.7872
16.9015;60.2883
16.7221;60.1927
15.6182;60.5395
15.3714;60.4031
15.277;60.3023
15.3714;60.4031
16.3866;61.3911
16.1571;61.7808
15.6106;58.367
16.8221;60.2611
15.6425;60.5509
15.6425;60.5509
15.4651;60.4474
16.8133;60.2584
13.7094;58.5017
21.7268;66.0154
22.2328;65.6405
13.6245;58.4496
16.1523;61.7872
13.1482;57.45
16.1721;61.7365
16.1523;61.7872
13.4013;56.5867
15.4507;60.4521
13.5189;58.1757
21.7226;66.0148
15.5391;60.4209
13.7043;58.5066
30.46477;63.38712
15.3928;60.4407
13.3138;56.7407
15.6163;60.5389
15.277;60.3023
16.1618;61.7531
23.3718;66.5742
13.1482;57.45
13.7191;58.5033
14.8387;56.8999
15.6425;60.5509
15.6421;60.5757
12.4611;58.3952
15.848;60.6788
15.2308;60.2632
16.4917;61.2773
12.4611;58.3952
16.1571;61.7808
13.7056;58.5118
10.90633;53.31882
13.6245;58.4496
15.277;60.3023
16.3669;61.5281
15.3714;60.4031
16.506;61.2694
16.1541;61.6685
16.8138;60.2588
11.04205;59.03822
16.3866;61.3911
15.848;60.6788
15.2308;60.2632
10.205;59.02414
16.813;60.2586
13.6245;58.4496
15.541;60.5096
16.506;61.2694
13.4013;56.5867
12.4371;57.5817
16.506;61.2694
13.9513;58.0488
12.5362;58.9291
13.5736;57.6275
13.6245;58.4496
23.3702;66.5744
15.6421;60.5757
15.6182;60.5395
13.7056;58.5118
15.4261;60.4673
15.5439;60.5108
13.9513;58.0488
16.1721;61.7365
20.3902;63.8434
16.1571;61.7808
13.9513;58.0488
15.277;60.3023
15.352;60.3277
16.1552;61.6671
15.2336;60.3013
13.7052;58.5019
12.4611;58.3952
15.6826;62.308
16.1664;61.7451
23.359;66.6846
16.8133;60.2583
16.8116;60.2498
10.71433;59.72106
15.5084;62.4201
13.3138;56.7407
13.9513;58.0488
10.55678;59.2119
13.8027;63.5054
20.3902;63.8434
29.81937;62.69341
20.3902;63.8434
16.3674;61.5181
13.6245;58.4496
13.9513;58.0488
13.5736;57.6275
13.4013;56.5867
10.205;59.02414
15.3118;60.5423
12.4611;58.3952
17.6202;59.6835
13.5736;57.6275
15.2226;60.3733
15.0711;60.6323
15.3118;60.5423
10.71433;59.72106
17.5655;59.5543
16.822;60.2614
16.8133;60.2584
17.5616;59.5476
13.6245;58.4496
15.2226;60.3733
17.3096;60.4587
17.6197;59.6864
17.5654;59.556
12.5362;58.9291
20.3902;63.8434
11.4404;58.4465
15.0711;60.6323
17.6211;59.6867
17.5769;59.5479
11.4403;58.4465
16.8133;60.2584
10.55678;59.2119
16.822;60.2614
13.9513;58.0488
13.5736;57.6275
12.4611;58.3952
12.1447;57.3549
10.55678;59.2119
13.7056;58.5118
13.9182;63.4936
11.4403;58.4465
11.4404;58.4465
17.5769;59.5479
17.5616;59.5476
17.6211;59.6867
17.6221;59.685
17.6202;59.6835
13.4013;56.5867
10.205;59.02414
10.205;59.02414
17.5654;59.556
14.5003;56.388
17.6202;59.6835
9.63039;63.18544
16.0965;61.8269
18.1854;59.3429
13.8346;55.5815
12.4231;57.2175
11.7738;59.0243
15.5286;58.4146
15.609;58.3799
15.5953;58.396
15.8143;56.5904
15.6627;58.351
15.6079;58.3811
15.8168;56.5991
15.6173;58.3673
14.12496;50.92497
12.4231;57.2175
15.8185;56.5982
15.6444;58.3626
11.7738;59.0243
15.8086;56.5853
15.8138;56.5901
15.6366;58.2092
15.6662;58.3537
13.6507;55.6388
13.5292;57.9612
15.5382;58.4151
15.8397;56.5774
13.786;58.2737
11.7738;59.0243
15.6447;58.3629
15.5965;58.3955
19.0301;64.4235
15.645;58.3631
15.614;58.3808
12.922;56.8966
13.524;57.9823
15.5302;58.4149
15.6139;58.3811
15.8496;56.5782
16.6304;62.3143
15.6369;58.2092
15.5954;58.3963
11.7738;59.0243
15.4927;58.411
15.824;56.6058
15.8142;56.59
13.5925;58.0553
15.8138;56.5901
9.91647;59.06946
9.92154;59.19309
14.1825;57.7692
20.1673;66.7666
14.1869;57.7686
15.8206;56.6062
14.1864;57.7673
17.9335;59.4693
15.8181;56.5894
15.8496;56.5782
13.0267;56.8117
9.84824;58.96853
14.1869;57.7686
17.6202;59.6835
15.8397;56.5774
14.1868;57.7678
14.1798;57.7727
13.6812;58.0728
20.1673;66.7666
15.8384;56.5771
15.8143;56.5904
15.8168;56.5991
9.85897;59.23935
15.8086;56.5853
15.2829;60.2085
10.47835;59.8989
13.6531;58.063
13.6326;58.059
13.786;58.2737
15.8142;56.59
15.8384;56.5771
16.7215;60.1819
16.0853;62.1431
13.524;57.9823
15.8496;56.5782
13.5925;58.0553
13.6812;58.0728
13.5925;58.0553
13.62494;51.07497
15.8386;56.5771
15.8181;56.5894
13.6326;58.059
13.5292;57.9612
15.8086;56.5853
16.184;62.1198
13.7458;58.2553
15.8206;56.6062
15.8185;56.5982
13.6812;58.0728
13.6531;58.063
13.5292;57.9612
15.8138;56.5901
13.6326;58.059
13.6812;58.0728
15.8457;56.5772
15.8397;56.5774
9.92154;59.19309
15.8168;56.5991
9.90632;59.24418
15.2829;60.2085
15.8232;56.6061
13.0267;56.8117
9.92154;59.19309
15.8138;56.5901
15.8496;56.5782
13.1494;56.4579
15.8206;56.6062
15.8185;56.5982
21.9042;62.46038
12.701;56.9774
15.8232;56.6061
9.94186;59.06051
13.0267;56.8117
5.434;50.801
12.701;56.9774
16.6745;60.1148
5.434;50.801
9.90632;59.24418
10.93814;59.87079
10.70605;59.9981
10.98509;59.85413
10.99842;59.85728
10.75755;60.04815
10.06359;59.63404
10.78411;60.03971
8.26198;58.61307
8.36147;58.6249
8.32534;58.60073
10.96913;59.85442
10.093;59.65651
11.01986;59.87267
11.0033;59.85794
10.71514;60.02187
15.9949;57.0267
16.8853;58.4179
5.434;50.801
16.8134;58.3661
15.1051;63.4471
15.0176;57.0851
16.1132;59.3813
16.2064;59.8319
13.598;57.9115
15.8847;59.9855
16.9224;59.8599
14.6996;57.0349
16.8328;59.9978
14.8076;59.9282
14.7312;58.3316
14.6276;58.7027
15.2576;61.3438
14.6254;58.8461
14.7756;56.8352
14.6445;58.7172
16.2385;59.7487
15.1159;59.4609
13.5983;57.9123
14.1346;55.6335
16.8393;60.0171
14.7596;61.7651
14.787;61.7531
14.6225;58.701
14.9206;59.634
14.8812;61.7453
16.2064;59.8319
12.0262;57.8677
15.2575;56.752
14.9361;59.8056
14.757;61.7627
14.6451;58.9363
14.811;59.5356
14.8857;61.7438
14.49;59.7886
14.7595;61.7651
11.3517;58.528
14.8212;58.3754
14.9119;58.3748
11.7135;58.1431
12.6826;57.4426
16.2064;59.8319
14.7577;61.7623
11.7133;58.1428
12.6819;57.4414
16.8476;60.0301
16.833;59.9978
14.8499;58.3771
14.9081;58.7778
14.757;61.7627
15.2575;56.752
16.8328;59.9978
14.7595;61.7652
15.4747;59.8288
15.8263;57.3933
14.811;59.5356
16.8419;60.0086
14.7869;61.7529
14.1255;55.7329
16.846;60.0302
14.8499;58.3772
17.0979;59.6861
14.7596;61.7651
13.5974;57.9136
14.8857;61.7438
16.9224;59.8599
15.7784;59.7953
14.8176;58.331
14.7859;56.8661
14.6996;57.0349
14.8381;58.7696
16.0041;59.8192
14.4886;59.665
14.8829;61.7453
14.1935;56.6126
16.0357;59.8067
11.7126;58.1431
12.0263;57.8677
20.8276;66.1582
16.8393;60.0171
14.6996;57.0349
16.0433;60.2785
13.9127;56.8075
17.099;59.731
15.3271;61.3194
16.1132;59.3813
16.846;60.0302
14.486;56.7622
13.8623;56.7219
11.9707;58.3596
16.0445;60.2793
16.8384;60.0185
7.29228;51.9665
16.846;60.0302
16.9976;59.7738
-2.74814;52.74342
14.7264;56.9228
14.1255;55.7329
12.1914;57.4398
12.8254;56.4062
16.0445;60.2793
14.5609;56.9753
27.39996;61.45597
16.846;60.0302
7.73731;62.93751
16.8419;60.0086
16.8384;60.0185
13.9789;56.8705
14.5646;56.973
14.4095;56.9214
24.73521;60.18077
16.0445;60.2793
14.672;56.5202
24.73521;60.18077
0.24773;51.8643
16.8328;59.9978
15.5621;60.4036
14.8283;56.9128
14.8532;59.869
15.2576;61.3438
13.25449;49.0778
16.6092;60.107
16.0445;60.2793
14.4906;56.8091
11.9707;58.3596
16.0445;60.2793
16.0445;60.2793
16.6198;60.1091
15.5621;60.4036
15.1051;63.4471
16.8384;60.0185
13.5881;56.7308
16.5191;60.1807
14.8832;61.7448
12.1914;57.4398
15.6061;58.366
14.9119;61.7376
14.3818;59.3388
0.24773;51.8643
15.6026;58.3907
14.4886;59.665
15.6069;58.372
14.1255;55.7329
14.8829;61.7453
15.6114;59.2313
15.6062;58.3733
16.5485;60.1727
14.9126;61.7378
14.9128;61.738
14.8821;61.7453
0.22376;51.84946
14.9119;61.7376
17.6676;59.0459
13.5295;56.4846
14.5078;59.3765
14.7678;61.7615
25.74221;62.227399999223
16.1132;59.3813
15.6061;58.3924
14.9125;61.7378
14.8857;61.7438
5.434;50.801
15.8874;56.7807
12.1914;57.4398
25.74221;62.227399999223
27.33288;60.56764
15.6062;58.3733
5.434;50.801
12.1914;57.4398
30.10326;62.41802
13.0661;56.7308
8.43403;58.81291
7.83575;58.06711
9.85844;59.23935
9.85897;59.23935
9.85844;59.23935
13.8534;56.0995
5.737;51.127
13.8534;56.1099
16.8843;59.401
17.3065;60.4638
16.5569;58.6447
16.4122;60.2571
15.637;58.2029
17.3167;60.4624
15.6365;58.2033
16.5771;59.4897
15.5973;60.3397
17.218;60.4042
15.6361;58.2035
15.7072;58.3521
22.22718;62.75416
14.6895;59.102
16.4122;60.2571
15.6362;58.2029
13.0957;56.7058
16.5771;59.4897
17.9282;59.9131
10.78089;50.79225
12.0328;57.875
12.626;60.9995
12.0328;57.875
16.2729;59.5244
12.0328;57.875
6.11;49.47
18.2591;59.5871
21.81757;53.56885
13.2077;55.5549
17.3007;60.4556
12.0328;57.875
17.3526;59.448
12.0328;57.875
15.9321;58.9281
16.6114;59.4747
22.22718;62.75416
12.2815;57.4302
12.285;57.429
10.60825;59.95149
14.3334;57.2125
12.2815;57.4302
12.2815;57.4302
12.626;60.9995
10.4849;59.90625
17.4497;60.5417
18.1218;59.5033
28.76678;61.25212
12.285;57.429
12.2815;57.4302
17.9288;59.9142
12.285;57.429
12.2815;57.4302
10.4849;59.90625
10.47139;59.97337
12.2815;57.4302
10.06917;59.64207
9.85897;59.23935
10.94418;59.87603
10.94418;59.87603
10.71514;60.02187
10.93429;59.87188
10.71514;60.02187
10.09459;59.6578
9.85844;59.23935
10.93429;59.87188
10.06823;59.63157
9.95295;59.13349
11.04162;59.84451
10.70906;60.0543
10.02928;59.1406
10.94418;59.87603
11.01986;59.87267
11.01986;59.87267
10.97165;59.82096
10.093;59.65651
13.5442;55.6451
17.2781;60.5588
15.6438;58.1992
17.3395;60.6236
13.9748;60.6157
15.6697;58.1891
17.0143;60.7518
17.3395;60.6236
17.2924;60.4742
13.9761;60.8936
15.6795;60.2179
16.7811;60.2429
14.471;60.3087
13.9753;60.6154
15.6808;60.2185
17.3036;60.6357
15.6042;58.3762
15.6096;58.3868
15.6042;58.3762
16.0414;60.594
15.6812;60.2175
15.6144;58.3621
14.1828;60.9528
17.2924;60.4742
16.7811;60.2429
15.6042;58.3762
17.0143;60.7518
14.20829;50.92497
16.9733;60.7671
15.6137;58.3748
16.0414;60.594
13.9748;60.6157
15.6249;58.3153
13.9758;60.6155
17.3395;60.6236
17.3036;60.6357
17.3395;60.6236
22.1976;65.9213
15.9908;56.9562
16.7811;60.2429
16.9392;60.3247
10.71532;59.89073
17.3036;60.6357
16.0479;60.5934
17.2819;60.7822
23.5302;65.847
17.2819;60.7822
16.0414;60.594
17.3395;60.6236
-2.07405;52.73228
16.9031;60.2896
17.2819;60.7822
16.5858;60.1754
16.0479;60.5934
21.9744;65.7729
23.5863;65.8288
13.62494;50.97497
17.3395;60.6236
-1.09182;53.20667
17.3395;60.6236
23.5503;66.2981
17.3036;60.6357
17.2781;60.5588
17.3036;60.6357
17.2781;60.5588
16.0715;60.5916
23.531;65.8425
23.5216;65.8186
16.9392;60.3247
22.2053;65.9254
16.9011;60.2882
16.9392;60.3247
17.3036;60.6357
20.0396;65.4147
16.5973;60.1713
22.2107;65.9207
13.62494;50.97497
16.9328;65.8114
15.6377;58.2024
15.6365;58.2027
17.9005;59.5314
27.089;60.90462
13.9753;60.6154
15.6107;60.192
15.3764;57.3676
13.4071;60.6372
13.9748;60.6157
21.37508;59.78358
13.9761;60.8936
14.37497;50.92498
13.9758;60.6155
5.721;51.1
10.66913;59.89976
7.83181;58.06994
10.72915;59.89198
8.43361;58.81227
8.4335;58.81275
-0.23508;52.40489
21.82405;53.55088
21.82395;53.54285
21.82405;53.55088
15.6258;58.3611
17.9481;60.4205
21.81757;53.56885
15.7849;58.2634
15.9908;56.9562
15.6447;58.3587
17.5;60.6194
13.4594;55.6953
17.3419;60.4946
17.5764;60.637
17.9521;60.5106
15.0382;59.2825
17.984;60.5266
21.82395;53.54285
17.8883;60.2882
18.2301;57.2547
15.0571;59.2896
18.2398;57.256
18.2297;57.2549
18.3281;60.2768
17.0417;60.43
14.8493;56.1568
17.9814;60.5011
16.948;60.3372
14.3766;60.2363
14.6538;58.3378
16.972;60.7664
16.8476;60.2849
16.9751;60.7664
16.7502;60.1982
17.0159;60.7524
17.0429;60.4389
5.316;51.01
17.2857;60.4579
17.2847;60.4581
17.1994;60.4146
17.0155;60.7526
16.9392;60.7721
17.2847;60.4581
16.9731;60.7667
23.65695;60.23429
14.9948;56.1747
14.3766;60.2363
16.9717;60.7583
14.6538;58.3378
16.7516;60.1955
14.3766;60.2363
17.0161;60.7526
16.8502;60.2865
16.972;60.7664
17.0161;60.7526
17.0159;60.7524
16.7516;60.1955
16.9486;60.3339
14.3766;60.2363
17.2868;60.4583
17.1378;60.3961
17.2868;60.4583
16.7502;60.1982
14.3766;60.2363
21.82405;53.55088
16.9731;60.7667
17.7094;64.8257
17.1994;60.4148
16.9724;60.7668
16.7514;60.1963
16.9731;60.7667
16.8456;60.2841
14.421;60.238
11.9175;57.5891
16.9719;60.7582
14.4521;60.3405
16.9719;60.7582
11.9175;57.5891
16.8502;60.2865
16.8476;60.2849
16.8493;60.2863
16.8493;60.2863
23.15857;59.86135
24.01742;60.24289
14.4521;60.3405
16.9724;60.7668
16.9486;60.3339
16.8563;60.2851
16.972;60.7664
14.1668;60.1884
16.9751;60.7664
16.9759;60.7663
11.9175;57.5891
14.4521;60.3405
17.2868;60.4583
17.0159;60.7524
11.9175;57.5891
14.4521;60.3405
16.9717;60.7583
14.1668;60.1884
16.9757;60.7664
14.1668;60.1884
16.9759;60.7664
16.9757;60.7664
16.9493;60.3375
11.9175;57.5891
11.9151;57.5925
13.6376;56.0844
12.9689;55.8123
11.9151;57.5925
11.9175;57.5891
11.9165;57.5922
11.9165;57.5922
-3.43133;54.35988
13.0807;55.6515
11.00762;59.8446
11.4064;61.16823
11.4031;61.16438
10.0273;59.14016
9.85897;59.23935
11.40281;61.16922
11.40003;61.16443
11.4028;61.16981
6.34727;60.4042
11.40082;61.16801
11.40314;61.16493
11.40719;61.16877
11.40023;61.16723
11.4064;61.16823
9.85844;59.23935
6.34695;60.40378
11.40591;61.16936
11.4022;61.16848
11.40684;61.16807
10.99749;59.84045
11.40725;61.16795
11.40264;61.17018
11.40566;61.16948
11.40265;61.16676
11.0004;59.84438
11.39915;61.16654
11.40491;61.16836
11.40082;61.16801
11.4056;61.16918
11.40591;61.16936
10.56888;60.04546
11.40536;61.16947
11.40251;61.16549
11.40267;61.1686
11.40348;61.16555
11.40258;61.16956
11.40684;61.16807
11.40257;61.16531
11.40603;61.16898
11.40348;61.16555
11.4056;61.16918
11.40247;61.16489
11.4064;61.16823
11.40268;61.16432
11.40003;61.16443
6.34727;60.4042
11.39975;61.16704
11.40491;61.16836
11.40211;61.16658
11.40258;61.16956
11.39938;61.1671
10.7418;59.89635
11.40023;61.16723
11.40178;61.16829
11.40281;61.16922
11.40268;61.16432
11.40211;61.16658
11.40536;61.16947
11.40354;61.16484
11.40003;61.16443
11.4022;61.16848
11.40068;61.16685
11.4028;61.16981
11.40354;61.16484
6.1659;60.31266
11.40583;61.16898
11.40204;61.16783
11.40004;61.16652
21.4721;51.655
15.6258;58.3611
15.6714;58.2982
12.9742;58.1268
12.0371;57.5432
16.4614;57.1503
16.4614;57.1502
12.9742;58.1268
12.9221;57.7344
12.9761;58.1266
15.6714;58.2982
12.9761;58.1266
16.1627;58.5878
12.7046;57.1343
15.6595;57.8885
16.2145;58.0597
15.3327;57.8754
15.6589;57.887
14.2376;57.7746
12.7046;57.1343
12.9221;57.7344
21.92596;60.61544
15.7849;58.2634
15.659;57.887
15.6595;57.8885
16.2145;58.0597
12.0415;57.5384
15.3327;57.8754
14.2376;57.7746
15.6447;58.3587
15.3547;56.6379
15.3547;56.6379
16.9015;62.1645
15.6714;58.2982
15.3499;61.9248
16.4614;57.1503
12.6283;58.031
16.4614;57.1502
16.4414;56.5723
17.048;61.04
14.87499;51.22499
16.4614;57.1502
12.9761;58.1266
16.4414;56.5723
8.86255;54.82115
16.1657;57.0197
13.1458;58.0198
16.4614;57.1503
12.9761;58.1266
15.2971;57.9978
12.9221;57.7344
16.4157;56.3178
16.1657;57.0197
16.4157;56.3178
12.6283;58.031
16.9363;61.9139
13.1458;58.0198
12.9221;57.7344
15.3497;61.9249
9.21098;49.13867
15.2971;57.9978
15.6714;58.2982
16.4157;56.3178
16.1657;57.0197
14.2565;56.814
16.4501;57.4148
15.5202;58.0582
12.8654;57.8888
13.1458;58.0198
15.5202;58.0582
12.8654;57.8888
14.2565;56.814
15.6714;58.2982
13.1458;58.0207
15.6714;58.2982
13.1458;58.0198
13.1458;58.0207
16.4501;57.4148
16.4414;56.5723
16.4414;56.5723
14.2527;56.8156
15.3541;56.549
15.3547;56.6379
15.3541;56.549
16.4414;56.5723
14.3479;57.0258
16.1657;57.0197
14.2526;56.8156
12.7046;57.1343
16.4414;56.5723
-4.86503;57.30964
12.9742;58.1268
15.3547;56.6379
12.9742;58.1268
12.7046;57.1343
16.4157;56.3178
8.89913;58.97165
22.19903;60.64307
12.9969;56.6919
16.3198;62.0789
6.45;49.71
6.11;49.47
6.43;49.71
6.02;49.51
10.99728;59.84828
11.40258;61.16956
11.40251;61.16549
-3.15944;54.54257
10.5813;60.05211
9.02371;59.08081
11.39975;61.16704
11.02041;59.88056
11.40226;61.16462
10.4703;60.02365
10.47322;60.02218
10.58413;60.0515
11.40004;61.16652
9.0269;59.07908
10.94222;59.83899
10.94679;59.83929
10.56746;60.04458
9.02437;59.08035
15.528;58.4158
15.5357;58.4128
15.5939;58.3964
15.5314;58.4132
15.6652;58.3496
15.6531;58.3663
15.6435;58.3677
15.639;58.3702
14.8472;60.0189
15.6412;58.369
15.1007;63.4473
15.6352;58.3674
14.5436;59.9368
15.6413;58.3612
15.6668;58.3494
15.6619;58.3544
13.74835;50.74883
15.1003;63.4501
13.74835;50.74883
15.1008;63.448
13.74835;50.74883
6.44;49.71
15.118;57.5842
15.1632;57.5744
11.01726;59.87897
10.57485;60.0542
10.56297;60.04987
10.94113;59.83879
11.0173;59.88025
13.4566;59.3483
16.6217;57.6903
20.2713;66.033
15.543;62.2931
13.1458;58.0198
16.622;57.6882
16.622;57.6882
12.9943;56.869
12.903;56.6311
15.3541;56.549
0.9851;51.97516
22.4813;66.6375
13.1458;58.0207
13.70828;50.77497
12.5385;57.0626
25.40503;65.02313
22.3088;65.5188
15.3922;57.7671
-1.32518;53.2698
13.1458;58.0207
13.1458;58.0198
-1.32376;53.35969
16.6216;57.6903
12.8766;56.8361
22.3142;65.5177
25.40503;65.02313
15.3541;56.549
12.891;56.9109
19.9418;65.6909
12.8946;56.8518
13.211;56.7832
16.6216;57.6903
22.4825;66.6369
22.4826;66.6381
20.2767;66.0309
16.6217;57.6903
22.4826;66.6381
22.4826;66.6381
20.2767;66.0309
13.1458;58.0207
20.2719;66.0315
16.6193;57.6902
16.6193;57.6902
19.9472;65.6884
20.2767;66.0309
13.1458;58.0207
22.4831;66.6366
-1.47068;53.63012
24.08908;68.00554
17.6659;59.8187
18.7164;57.5002
22.4826;66.6381
22.4808;66.6372
18.0798;59.3657
-1.47068;53.63012
5.71661;52.2401
5.05943;60.71178
5.06982;60.69388
10.99733;59.84803
10.47337;60.01998
-1.77738;52.82199
10.58413;60.0515
10.59115;60.10193
10.99968;59.84523
10.56297;60.04987
10.99923;59.84067
10.57485;60.0542
10.56836;60.0474
5.0725;60.69306
10.56289;60.04605
10.56479;60.05055
5.0815;60.70531
10.99894;59.84945
10.9993;59.84514
10.94082;59.8527
10.94062;59.85303
10.94137;59.84997
10.99923;59.84067
10.99733;59.84803
10.94248;59.83925
5.06982;60.69388
10.93922;59.83967
10.4703;60.02365
10.94082;59.8527
13.70828;50.87497
13.87495;50.72497
13.87495;50.72497
13.79161;50.72497
13.87495;50.72497
13.87495;50.92497
16.0312;58.1884
16.4157;56.3178
13.2375;57.0392
12.8672;57.8879
15.2997;57.9975
14.2376;57.7746
14.2376;57.7746
16.4502;56.7908
14.236;57.7724
14.7877;56.867
12.7046;57.1343
14.7877;56.867
15.3294;57.876
16.1667;57.0199
13.8953;58.3406
16.2155;58.0585
12.9742;58.1268
12.9464;56.5764
16.4534;57.4139
12.9221;57.7344
16.0317;58.189
14.2565;56.814
15.6712;58.301
16.4157;56.3178
16.2155;58.0584
12.9742;58.1268
12.7046;57.1343
12.9221;57.7344
15.6595;57.8885
14.2565;56.814
16.4442;56.571
15.659;57.887
15.6595;57.8885
16.1667;57.0199
15.5183;58.0586
16.2145;58.0597
15.5202;58.0582
15.2971;57.9978
14.7888;56.8646
15.6589;57.887
15.5202;58.0582
16.0317;58.189
14.236;57.7724
13.8953;58.3406
15.5183;58.0586
15.6714;58.2982
15.2971;57.9978
14.2527;56.8156
14.2526;56.8156
16.0312;58.1884
16.4502;56.7908
16.4471;56.7912
12.9241;57.7352
12.9241;57.7352
15.6712;58.301
16.4534;57.4138
15.2997;57.9975
12.6283;58.031
12.8672;57.8879
12.8443;56.8586
15.3327;57.8754
16.4471;56.7912
14.7888;56.8646
16.4442;56.571
15.3327;57.8754
16.165;57.0208
15.3294;57.876
16.2145;58.0597
12.6283;58.031
15.6714;58.2982
14.0591;58.1729
14.0591;58.1729
13.3413;56.9305
16.165;57.0208
6.77742;61.18246
14.7888;56.8646
-2.2208;52.46237
7.65422;61.24435
7.09355;61.21455
15.1575;58.5535
12.9241;57.7352
7.1948;61.20654
15.5183;58.0586
16.4614;57.1502
5.29767;61.19148
12.9221;57.7344
15.2971;57.9978
15.2971;57.9978
14.0569;58.1724
16.4442;56.571
16.4442;56.571
27.22024;60.56119
12.8295;57.4609
6.5139;61.14288
12.9221;57.7344
16.4604;57.1512
6.37183;61.11091
15.3294;57.876
7.68282;61.50078
12.9241;57.7352
15.3541;56.549
15.3294;57.876
14.0569;58.1724
15.3541;56.549
15.3541;56.549
15.3547;56.6379
14.7888;56.8646
15.3547;56.6379
5.34277;61.15081
6.39171;61.11301
16.4614;57.1503
15.5183;58.0586
1.13048;51.97139
15.3541;56.549
13.87495;50.92497
5.5604;61.11809
27.22024;60.56119
12.8295;57.4609
12.9221;57.7344
16.4604;57.1512
12.9221;57.7344
16.4614;57.1503
16.4614;57.1502
15.6595;57.8885
16.4604;57.1512
16.0312;58.1884
16.0312;58.1884
25.40503;65.02313
15.6595;57.8885
16.4604;57.1512
16.4614;57.1503
25.40503;65.02313
16.4614;57.1502
25.40503;65.02313
12.9221;57.7344
12.9221;57.7344
12.9761;58.1266
12.6283;58.031
14.0591;58.1729
7.65422;61.24435
15.6714;58.2982
-2.68966;54.18663
16.4614;57.1502
15.6712;58.301
16.4614;57.1503
14.0591;58.1729
12.9241;57.7352
12.6283;58.031
15.6714;58.2982
12.9761;58.1266
12.6283;58.031
15.6595;57.8885
-2.2208;52.46237
15.6712;58.301
16.4442;56.571
5.34277;61.15081
14.2565;56.814
7.46551;61.44654
5.29767;61.19148
15.1025;57.4142
14.236;57.7724
6.60246;61.20779
12.9761;58.1266
12.9241;57.7352
15.2997;57.9975
15.3547;56.6379
7.78759;61.04811
15.6595;57.8885
16.4442;56.571
12.6283;58.031
15.2971;57.9978
12.9742;58.1268
12.9761;58.1266
16.4614;57.1502
15.2997;57.9975
12.9742;58.1268
16.4614;57.1502
15.2971;57.9978
14.236;57.7724
16.4614;57.1503
14.2565;56.814
16.4614;57.1503
27.35441;67.99051
15.3547;56.6379
18.0674;59.5312
10.58755;60.10477
10.94093;59.85212
10.93579;59.85308
10.99932;59.84964
11.0004;59.84438
11.0173;59.88025
10.99889;59.84091
11.00043;59.84405
10.99728;59.84828
10.99728;59.84828
10.5813;60.05211
10.56297;60.04987
10.58755;60.10477
10.59115;60.10193
10.94097;59.85413
10.99923;59.84067
11.02098;59.8806
10.99749;59.84045
10.56289;60.04605
11.02041;59.88056
10.99923;59.84067
10.93922;59.83967
11.02098;59.8806
10.94097;59.85413
10.94082;59.8527
10.59988;60.04268
10.47265;60.0239
6.07;49.95
11.9255;57.5057
16.244;56.9016
12.8634;56.7908
11.9751;57.4945
14.8444;59.0702
14.8236;59.104
6.07;49.95
5.81;49.96
-3.49299;57.01354
5.81;49.96
-1.32376;53.35969
-3.5656;57.03646
-3.07277;53.59053
-3.07277;53.59053
-3.57327;57.02289
15.8368;58.7947
-3.58717;57.02047
6.07;49.95
5.99;50.05
13.87495;50.92497
-3.43509;57.00703
6.06;49.92
13.79161;51.22497
13.79161;51.22497
-3.07277;53.59053
12.37877;64.24582
7.55713;58.01172
10.92787;59.2195
9.07772;61.13884
10.78816;59.92236
10.21987;61.22639
10.20006;59.74434
9.64979;59.66879
10.78816;59.92236
6.03068;59.34159
9.64979;59.66879
10.64554;59.66852
10.56838;60.35929
10.72488;60.90427
10.40239;60.87847
9.80496;59.69918
8.85526;58.62876
14.6996;57.0349
6.33;49.81
6.33;49.81
6.33;49.82
6.33;49.81
6.33;49.82
14.6996;57.0349
7.80083;62.5839
7.79628;62.58023
16.244;56.9016
16.7638;58.2759
16.7638;58.2759
16.7638;58.2759
16.7638;58.2759
15.8479;56.8897
14.6314;59.9868
16.7638;58.2759
16.7638;58.2759
16.7638;58.2759
16.7638;58.2759
15.9927;58.9247
16.7638;58.2759
16.7638;58.2759
16.244;56.9016
16.7638;58.2759
14.8654;58.1704
16.7638;58.2759
14.8277;56.22
12.0702;57.7081
25.40503;65.02313
16.1944;58.7095
12.0702;57.7081
13.4105;55.6764
16.7638;58.2759
16.1842;58.7072
15.3037;58.0558
16.7638;58.2759
26.2883;61.687999999213
16.7638;58.2759
26.2883;61.687999999213
26.2883;61.687999999213
5.49646;52.01581
5.49646;52.01581
26.2883;61.687999999213
10.20167;59.02909
16.7638;58.2759
26.2883;61.687999999213
5.49646;52.01581
26.2883;61.687999999213
5.49646;52.01581
5.49646;52.01581
5.49646;52.01581
5.49646;52.01581
5.49646;52.01581
11.01338;59.84508
10.95229;59.86777
11.01339;59.86966
10.96668;59.84401
-0.58502;52.63349
10.96955;59.8425
10.95316;59.86741
-2.37103;52.82162
-2.52518;52.68169
11.01339;59.86966
6.33;49.81
6.32;49.8
6.32;49.8
15.3024;59.2691
14.8378;59.0878
14.8423;56.1408
-1.47292;53.45034
19.6772;64.9802
25.4055;62.3176999992247
20.2872;63.7491
20.2822;63.7548
-1.47292;53.45034
-3.62161;54.5013
0.71054;52.25163
0.71054;52.25163
0.65993;52.22625
16.244;56.9016
16.64233;68.5025
0.71054;52.25163
0.71054;52.25163
16.64233;68.5025
0.65993;52.22625
16.64233;68.5025
10.95491;59.85125
-1.16109;53.98792
-0.06393;52.21697
10.95878;59.85538
10.97064;59.88266
-1.16109;53.98792
10.99594;59.83852
10.98762;59.85662
10.98517;59.84193
10.98885;59.85753
10.97064;59.88266
10.99662;59.88518
14.0492;57.1791
15.9255;58.5155
-1.50894;52.73982
15.9236;58.9319
16.9604;58.5586
15.1498;58.5509
15.5661;59.2823
13.2282;56.0168
-1.50894;52.73982
15.562;57.984
11.9501;57.6896
14.5003;56.388
11.9501;57.6896
15.5141;56.167
25.717;62.2491999992234
-3.07232;53.57255
-3.07232;53.57255
-3.07232;53.57255
-3.07232;53.57255
14.1282;59.0678
26.7036;62.6988999992319
26.7036;62.6988999992319
26.7036;62.6988999992319
26.7036;62.6988999992319
26.7036;62.6988999992319
26.7036;62.6988999992319
26.7036;62.6988999992319
26.7036;62.6988999992319
26.7036;62.6988999992319
26.7036;62.6988999992319
26.7036;62.6988999992319
26.7036;62.6988999992319
26.7036;62.6988999992319
26.7036;62.6988999992319
26.7036;62.6988999992319
26.7036;62.6988999992319
26.7036;62.6988999992319
23.3337;62.2155999992228
26.7036;62.6988999992319
26.7036;62.6988999992319
26.7036;62.6988999992319
26.7036;62.6988999992319
26.7036;62.6988999992319
26.7036;62.6988999992319
26.7036;62.6988999992319
26.7036;62.6988999992319
26.7036;62.6988999992319
26.7036;62.6988999992319
26.7036;62.6988999992319
26.7036;62.6988999992319
26.7036;62.6988999992319
26.7036;62.6988999992319
26.7036;62.6988999992319
26.7036;62.6988999992319
26.7036;62.6988999992319
26.7036;62.6988999992319
26.7036;62.6988999992319
26.7036;62.6988999992319
26.7036;62.6988999992319
26.7036;62.6988999992319
26.7036;62.6988999992319
26.7036;62.6988999992319
26.7036;62.6988999992319
26.7036;62.6988999992319
26.7036;62.6988999992319
26.7036;62.6988999992319
26.7036;62.6988999992319
26.7036;62.6988999992319
26.7036;62.6988999992319
13.5558;55.6791
26.7036;62.6988999992319
26.7036;62.6988999992319
26.7036;62.6988999992319
26.7036;62.6988999992319
26.7036;62.6988999992319
26.7036;62.6988999992319
26.7036;62.6988999992319
26.7036;62.6988999992319
26.7036;62.6988999992319
26.7036;62.6988999992319
26.7036;62.6988999992319
26.7036;62.6988999992319
26.7036;62.6988999992319
26.7036;62.6988999992319
26.7036;62.6988999992319
26.7036;62.6988999992319
26.7036;62.6988999992319
26.7036;62.6988999992319
26.7036;62.6988999992319
26.7036;62.6988999992319
26.7036;62.6988999992319
26.7036;62.6988999992319
26.7036;62.6988999992319
26.7036;62.6988999992319
26.7036;62.6988999992319
26.7036;62.6988999992319
26.7036;62.6988999992319
26.7036;62.6988999992319
26.7036;62.6988999992319
26.7036;62.6988999992319
26.7036;62.6988999992319
26.7036;62.6988999992319
13.5558;55.6791
0.42207;51.38999
-4.01129;52.50392
25.7204;62.281999999224
25.8138;63.2101999992418
25.9024;63.2332999992422
24.5797;62.2698999992238
26.0719;61.9737999992183
25.935;62.0715999992201
25.9024;63.2332999992422
26.0719;61.9737999992183
25.6302;62.0418999992195
23.3337;62.2155999992228
25.8812;61.9723999992183
25.6302;62.0418999992195
24.7955;62.4799999992277
25.6382;61.8624999992162
25.6302;62.0418999992195
26.0144;61.9823999992184
25.8316;61.7745999992146
25.8356;62.1694999992219
25.6302;62.0418999992195
10.80734;63.78769
1.588;52.2282
10.81337;63.79145
10.80734;63.78769
-1.39064;52.6179
-1.39064;52.6179
-1.17141;52.72806
16.2672;59.5239
16.2672;59.5239
-1.17141;52.72806
27.9357;62.5906999992298
21.7745;63.1822999992412
21.7867;63.1808999992412
25.4911;62.3217999992247
25.5351;61.9722999992182
28.3717;62.3797999992258
25.4911;62.3217999992247
25.4911;62.3217999992247
28.3717;62.3797999992258
-1.56391;54.1204
1.30903;52.41626
-1.32376;53.35969
-2.36904;50.89779
-2.3733;50.89598
-1.32376;53.35969
13.54161;50.97497
15.8689;56.9687
15.8356;56.896
15.7642;58.3353
12.9082;55.4049
1.42801;52.05305
16.0434;56.9317
15.7693;58.3344
16.0845;56.9325
15.7387;58.2752
15.9927;56.9771
15.8692;56.8942
15.9862;56.9857
15.9571;56.9062
15.6649;58.2069
15.9525;57.0441
15.7362;58.2527
-0.79128;52.8174
14.8302;57.8578
12.8924;55.4046
15.2664;57.4419
14.8302;57.8578
15.2664;57.4419
-1.47292;53.45034
14.9027;57.215
14.8507;57.8694
14.8899;57.794
15.3391;57.3921
15.2434;57.4235
15.3391;57.3921
14.8507;57.8694
14.9027;57.215
14.8929;57.3545
14.8899;57.794
14.8929;57.3545
12.5534;56.4475
17.2952;60.5091
15.2434;57.4235
25.7461;62.2449999992233
25.7461;62.2449999992233
-0.79276;52.81741
-0.79427;52.81653
25.7461;62.2449999992233
19.71539;68.76285
25.7461;62.2449999992233
25.7461;62.2449999992233
25.7461;62.2449999992233
25.7461;62.2449999992233
25.7461;62.2449999992233
25.7461;62.2449999992233
-1.16192;52.75946
25.7461;62.2449999992233
25.7461;62.2449999992233
25.7461;62.2449999992233
25.7461;62.2449999992233
25.7461;62.2449999992233
25.7461;62.2449999992233
25.7461;62.2449999992233
25.7461;62.2449999992233
25.7461;62.2449999992233
25.7461;62.2449999992233
25.7461;62.2449999992233
14.5016;60.4681
25.7461;62.2449999992233
25.7461;62.2449999992233
-1.16192;52.75946
-0.79128;52.8174
10.80734;63.78769
-2.07578;53.72116
-0.79427;52.81653
10.80734;63.78769
1.42801;52.05305
10.80734;63.78769
-0.79276;52.81741
10.80734;63.78769
10.82376;63.79422
13.79162;51.17497
13.79162;51.12497
13.79162;51.17497
13.70828;51.17497
13.79162;51.12497
13.79162;51.17497
13.79162;51.17497
13.79162;51.17497
13.79162;51.17497
13.79162;51.12497
13.79162;51.17497
13.79162;51.17497
13.79162;51.12497
13.79162;51.17497
13.79162;51.17497
13.79162;51.17497
13.79162;51.17497
13.79162;51.17497
13.79162;51.17497
13.79162;51.17497
-1.64072;51.383
13.79162;51.12497
13.79162;51.12497
13.79162;51.12497
13.79162;51.17497
13.79162;51.17497
13.70828;51.17497
13.70828;51.17497
13.70828;51.17497
13.70828;51.17497
-1.64072;51.383
13.79162;51.17497
13.70828;51.17497
13.79162;51.12497
13.79162;51.12497
13.79162;51.17497
13.79162;51.17497
13.79162;51.12497
13.79162;51.17497
13.79162;51.12497
-0.71487;52.84177
-0.71193;52.84084
13.79162;51.17497
-1.546;52.73727
13.79162;51.17497
-1.16647;53.71829
13.79162;51.12497
13.79162;51.17497
13.79162;51.17497
-0.71193;52.84084
13.79162;51.12497
-1.42561;52.76822
11.8855;57.6976
11.8855;57.6976
13.70828;51.17497
-0.71487;52.84177
13.70828;51.17497
13.79162;51.12497
-1.52676;52.7354
-0.70597;52.84167
13.70828;51.17497
-1.31675;52.7146
15.1002;58.5429
-0.71193;52.84084
14.5398;60.5151
-0.71487;52.84177
-0.71193;52.84084
-0.71487;52.84177
13.70828;51.17497
-1.33549;52.74797
-1.31675;52.7146
-1.31825;52.71371
13.79162;51.17497
-1.33844;52.74888
13.79162;51.17497
13.79162;51.17497
13.70828;51.17497
13.79162;51.17497
-1.31675;52.7146
-1.33549;52.74797
-0.71487;52.84177
-1.33844;52.74888
-0.71487;52.84177
-0.71193;52.84084
-1.31675;52.7146
-0.71193;52.84084
-1.42561;52.76822
-0.71487;52.84177
-1.546;52.73727
-0.70597;52.84167
-0.71193;52.84084
-0.71193;52.84084
-0.71487;52.84177
-1.31825;52.71371
-1.52676;52.7354
14.412;57.9906
16.5989;56.8169
14.5016;60.4681
14.5398;60.5151
14.5056;60.4609
14.5402;60.5109
-3.85225;52.38377
-4.05452;52.40381
-3.84931;52.38382
-1.41523;52.76817
-0.53712;51.93962
15.7611;58.3259
-4.07361;52.372
-4.07361;52.372
-4.07361;52.372
15.127;62.8794
-1.9229;54.44025
-3.85225;52.38377
-1.9229;54.44025
-4.07361;52.372
29.94001;62.3825
-4.07361;52.372
-0.971;52.08494
-0.53712;51.93962
-2.93724;52.58024
14.7388;56.3059
14.6907;56.3557
16.0249;62.0554
15.7398;62.1821
15.7763;62.166
13.70828;50.77497
15.7724;62.1705
15.7571;62.1382
15.7166;62.2404
15.7186;62.2001
15.3237;57.9767
15.7379;62.148
15.7282;62.2036
15.3264;57.9785
13.5457;60.1277
15.7417;62.1713
15.7628;62.209
15.7321;62.1983
15.7224;62.2018
15.7167;62.2009
-1.27687;52.70897
-3.85225;52.38377
15.3237;57.9767
15.2949;57.9961
-1.27687;52.70897
-3.84931;52.38382
15.3273;57.9845
15.1478;58.0101
15.1421;58.0117
15.3237;57.9767
-3.91753;52.26223
15.3273;57.9845
15.2949;57.9961
6.20859;59.11617
-3.85078;52.3838
15.3273;57.9845
15.3237;57.9767
-1.27687;52.70897
29.99474;62.39795
17.4924;59.6621
15.1421;58.0117
15.1478;58.0101
15.2949;57.9961
-1.27687;52.70897
6.20859;59.11617
15.3237;57.9767
15.1478;58.0101
15.2949;57.9961
15.1421;58.0117
15.3273;57.9845
15.3273;57.9845
-1.27687;52.70897
15.3273;57.9845
15.2949;57.9961
15.3273;57.9845
-3.84641;52.38476
15.1421;58.0117
15.3237;57.9767
15.3237;57.9767
-1.27687;52.70897
-1.27687;52.70897
-1.27687;52.70897
6.20859;59.11617
-1.27687;52.70897
-1.27687;52.70897
-4.07361;52.372
-4.07361;52.372
12.949;55.4958
15.3444;61.2912
15.3641;61.3496
15.3345;61.3289
15.3512;61.3325
15.3624;61.2706
-0.44305;52.57372
-1.3801;52.84081
13.79161;50.82497
-1.3801;52.84081
-1.38307;52.84083
18.3971;64.7064
-1.38307;52.84083
-3.84931;52.38382
22.39355;60.03006
-1.37863;52.83991
-0.44305;52.57372
-3.85225;52.38377
18.3984;64.71535
22.15564;60.42616
-1.37863;52.83991
18.3971;64.7064
22.76178;60.24014
29.94001;62.3825
-3.85078;52.3838
22.3923;60.03901
22.15564;60.42616
22.3923;60.03901
-3.84641;52.38476
22.15564;60.42616
-4.48047;52.89205
-4.69181;52.78717
13.90149;64.4707
15.3404;61.3082
15.3177;61.3243
15.3368;61.301
-2.85655;53.35854
15.2723;61.3627
15.3441;61.3064
15.3311;61.3073
15.3349;61.3028
15.3385;61.3109
15.3252;61.3234
15.3405;61.2997
-4.01129;52.50392
1.30903;52.41626
13.70828;50.77497
-5.06089;51.94398
-5.22815;51.90173
29.99474;62.39795
-3.97631;52.26576
-0.86099;53.80567
12.8987;55.9618
14.1899;55.725
-4.0563;52.52113
-4.71902;51.65736
-0.71653;52.81077
-0.71653;52.81077
-0.79837;52.5329
-0.79837;52.5329
13.89671;64.46884
17.3934;62.3302
-1.2679;52.7143
13.90017;64.46931
-1.2679;52.7143
14.123;57.4634
17.4794;62.4185
14.6288;58.7107
14.6288;58.7107
12.949;55.4958
1.37612;52.42785
13.89308;64.43281
18.2439;64.7763
18.24403;64.77622
18.2439;64.7763
-0.55901;52.63812
-0.55901;52.63812
14.5016;60.4681
5.81667;51.65
5.81667;51.65
5.81667;51.65
5.81667;51.65
5.81667;51.65
5.81667;51.65
5.81667;51.65
5.81667;51.65
5.81667;51.65
5.81667;51.65
5.81667;51.65
5.81667;51.65
5.81667;51.65
5.81667;51.65
5.81667;51.65
5.81667;51.65
5.81667;51.65
5.81667;51.65
5.81667;51.65
5.81667;51.65
5.81667;51.65
5.81667;51.65
-1.1735;53.35875
-2.07578;53.72116
12.7734;55.9403
-2.07578;53.72116
18.1697;59.349
-1.32233;53.44958
6.11185;52.83057
6.11185;52.83057
6.11185;52.83057
6.11185;52.83057
6.11185;52.83057
6.11185;52.83057
6.11185;52.83057
6.11185;52.83057
6.11185;52.83057
6.11185;52.83057
6.11185;52.83057
1.00924;52.33433
20.1382;63.8201
18.3032;64.7349
18.3032;64.7349
18.201;59.3564
18.30362;64.73455
-1.1735;53.35875
-1.17176;53.44863
-1.17176;53.44863
6.12214;50.45372
-1.16263;52.76081
-1.16263;52.76081
16.4062;59.4839
16.4062;59.4839
17.3759;59.6142
-1.17176;53.44863
5.49458;52.86264
5.49458;52.86264
5.49458;52.86264
5.49458;52.86264
16.4061;59.4839
16.1294;57.834
13.4194;55.5687
15.8719;56.7465
16.5312;56.6766
18.4222;57.6912
6.04;49.61
5.97;49.64
14.4952;60.4523
13.4194;55.5687
-1.17176;53.44863
6.25;49.51
6.36;49.49
18.4711;57.2768
12.7322;56.744
13.4194;55.5687
12.73225;56.74403
12.7322;56.744
5.59564;49.64731
5.59564;49.64731
5.59564;49.64731
5.59564;49.64731
5.59564;49.64731
5.59564;49.64731
5.59564;49.64731
4.47525;51.90895
18.3757;64.7001
18.37577;64.70008
18.3757;64.7001
3.60001;51.54793
15.92;48.35
18.201;59.3564
14.0419;56.1811
18.201;59.3564
15.92;48.35
15.75;48.38
15.75;48.38
-1.17176;53.44863
15.92;48.35
18.3757;64.7001
15.92;48.35
16.03;48.27
18.37577;64.70008
15.92;48.35
15.75;48.38
15.75;48.38
15.92;48.35
15.75;48.38
15.92;48.35
15.92;48.35
18.3757;64.7001
-4.74394;52.79047
-0.54124;52.72782
18.3753;64.6998
18.37487;64.69992
18.3753;64.6998
4.44808;51.92423
18.3757;64.7001
18.3757;64.7001
18.37577;64.70008
18.2019;59.3606
4.44808;51.92423
12.5601;56.443
18.201;59.3564
14.5292;60.3329
-1.92579;52.82218
13.5033;60.0404
14.3859;56.0239
13.1333;60.0139
13.13345;60.01373
13.1333;60.0139
25.7571;61.9757999992183
25.7571;61.9757999992183
25.7571;61.9757999992183
25.7571;61.9757999992183
25.7571;61.9757999992183
25.7571;61.9757999992183
25.7571;61.9757999992183
25.7571;61.9757999992183
25.7571;61.9757999992183
25.7571;61.9757999992183
25.7571;61.9757999992183
25.7571;61.9757999992183
25.7571;61.9757999992183
25.7571;61.9757999992183
25.7571;61.9757999992183
25.7571;61.9757999992183
25.7571;61.9757999992183
25.7571;61.9757999992183
25.7571;61.9757999992183
25.7571;61.9757999992183
25.7571;61.9757999992183
25.7571;61.9757999992183
25.7571;61.9757999992183
25.7571;61.9757999992183
25.7571;61.9757999992183
25.7571;61.9757999992183
25.7571;61.9757999992183
25.7571;61.9757999992183
4.47492;51.96438
4.47492;51.96438
4.47492;51.96438
13.5923;55.8774
18.2991;57.5862
18.3753;64.6998
18.37487;64.69992
18.3753;64.6998
14.5515;56.455
6.04;49.61
6.04;49.61
6.06;49.61
-1.77458;53.3614
16.191;58.834
12.9088;55.396
22.545;58.85944
16.191;58.834
15.7221;58.9007
22.545;58.85944
13.2331;56.0282
-3.90335;52.75074
-4.13195;52.87994
-4.01122;52.985
17.0694;47.9406
17.0694;47.9406
22.17333;58.92222
22.17333;58.92222
22.17333;58.92222
22.17333;58.92222
14.36;47.59
14.35;46.5
14.5016;56.397
13.75;47.15
15.75;46.73
17.8544;58.9323
1.00924;52.33433
-3.07323;53.6085
1.00924;52.33433
11.9167;49.9667
14.26;46.58
9.7125;50.8703
9.7125;50.8703
14.5996;60.4211
15.4684;62.2436
15.4684;62.2436
17.3901;62.23658
12.3405;59.5515
-5.25633;51.69811
14.5402;60.5109
14.5016;60.4681
14.4515;60.5243
25.85972;57.98194
16.1664;58.8537
8.53111;49.3678
16.8218;61.1653
-4.05079;52.71906
-4.00599;52.71083
12.5631;56.4317
12.572;56.439
14.46;47.6
14.47;47.58
14.34;47.58
15.58;47.26
17.6261;59.7875
17.6261;59.7875
18.0014;59.8754
14.46;47.6
16.819;61.2621
18.37385;64.70043
18.3738;64.7004
18.3738;64.7004
16.9504;61.1864
26.4106;62.6979999992319
-1.01494;53.71714
-1.02179;53.74865
-1.02179;53.74865
15.57;47.65
15.8482;61.8011
14.42;47.57
14.48;47.53
-3.10984;54.99244
-3.07859;54.99272
-3.07859;54.99272
17.3502;59.8883
17;47.98
-3.07859;54.99272
5.49912;58.75969
17;47.98
5.49912;58.75969
10.69929;59.90409
10.69929;59.90409
-3.23986;55.15297
-2.49488;52.61888
-3.07859;54.99272
-3.07859;54.99272
14.7547;61.7634
-3.17183;54.97389
10.74515;59.25442
-3.10984;54.99244
5.49912;58.75969
5.49912;58.75969
5.91;50.76
11.43518;59.05709
7.4524;58.03034
5.91809;59.06767
9.52812;59.91224
10.62295;59.90977
-2.95185;54.92188
8.58758;58.33472
15.1851;61.7355
10.68985;59.82199
8.85526;58.62876
6.95696;58.31606
-3.49418;54.39508
9.27737;61.81682
7.0555;52.3699
7.0555;52.3699
9.22897;61.99474
18.90156;69.02268
10.92787;59.2195
-2.63894;54.87
5.91;50.76
0.28126;52.31017
-2.69879;54.72587
5.83;50.86
5.83;50.86
-3.49418;54.39508
5.93;51.83
-1.20755;53.14322
-2.73342;54.92339
-0.89158;52.63721
-1.18545;52.7295
10.64554;59.66852
0.6315;50.90424
25.7571;61.9757999992183
25.7571;61.9757999992183
25.7571;61.9757999992183
25.7571;61.9757999992183
25.7571;61.9757999992183
25.7571;61.9757999992183
25.7571;61.9757999992183
25.7571;61.9757999992183
25.7571;61.9757999992183
25.7571;61.9757999992183
25.7571;61.9757999992183
25.7571;61.9757999992183
25.7571;61.9757999992183
25.7571;61.9757999992183
25.7571;61.9757999992183
25.7571;61.9757999992183
25.7571;61.9757999992183
25.7571;61.9757999992183
25.7571;61.9757999992183
25.7571;61.9757999992183
25.7571;61.9757999992183
25.7571;61.9757999992183
25.7571;61.9757999992183
25.7571;61.9757999992183
25.7571;61.9757999992183
25.7571;61.9757999992183
25.7571;61.9757999992183
25.7571;61.9757999992183
25.7571;61.9757999992183
25.7571;61.9757999992183
25.7571;61.9757999992183
25.7571;61.9757999992183
25.7571;61.9757999992183
25.7571;61.9757999992183
25.7571;61.9757999992183
25.7571;61.9757999992183
25.7571;61.9757999992183
25.7571;61.9757999992183
25.7571;61.9757999992183
25.7571;61.9757999992183
25.7571;61.9757999992183
25.7571;61.9757999992183
25.7571;61.9757999992183
25.7571;61.9757999992183
25.7571;61.9757999992183
25.7571;61.9757999992183
25.7571;61.9757999992183
25.7571;61.9757999992183
25.7571;61.9757999992183
25.7571;61.9757999992183
25.7571;61.9757999992183
25.7571;61.9757999992183
25.7571;61.9757999992183
25.7571;61.9757999992183
25.7571;61.9757999992183
25.7571;61.9757999992183
25.7571;61.9757999992183
25.7571;61.9757999992183
25.7571;61.9757999992183
25.7571;61.9757999992183
25.7571;61.9757999992183
25.7571;61.9757999992183
25.7571;61.9757999992183
25.7571;61.9757999992183
25.7571;61.9757999992183
25.7571;61.9757999992183
25.7571;61.9757999992183
25.7571;61.9757999992183
25.7571;61.9757999992183
25.7571;61.9757999992183
25.7571;61.9757999992183
25.7571;61.9757999992183
25.7571;61.9757999992183
25.7571;61.9757999992183
25.7571;61.9757999992183
25.7571;61.9757999992183
25.7571;61.9757999992183
25.7571;61.9757999992183
25.7571;61.9757999992183
25.7571;61.9757999992183
25.7571;61.9757999992183
25.7571;61.9757999992183
25.7571;61.9757999992183
25.7571;61.9757999992183
25.7571;61.9757999992183
25.7571;61.9757999992183
25.7571;61.9757999992183
25.7571;61.9757999992183
25.7571;61.9757999992183
25.7571;61.9757999992183
25.7571;61.9757999992183
25.7571;61.9757999992183
25.7571;61.9757999992183
25.7571;61.9757999992183
25.7571;61.9757999992183
25.7571;61.9757999992183
25.7571;61.9757999992183
25.7571;61.9757999992183
25.7571;61.9757999992183
25.7571;61.9757999992183
25.7571;61.9757999992183
25.7571;61.9757999992183
25.7571;61.9757999992183
25.7571;61.9757999992183
25.7571;61.9757999992183
25.7571;61.9757999992183
25.7571;61.9757999992183
25.7571;61.9757999992183
25.7571;61.9757999992183
25.7571;61.9757999992183
25.7571;61.9757999992183
25.7571;61.9757999992183
25.7571;61.9757999992183
25.7571;61.9757999992183
25.7571;61.9757999992183
25.7571;61.9757999992183
25.7571;61.9757999992183
25.7571;61.9757999992183
25.7571;61.9757999992183
25.7571;61.9757999992183
25.7571;61.9757999992183
25.7571;61.9757999992183
25.7571;61.9757999992183
25.7571;61.9757999992183
25.7571;61.9757999992183
25.7571;61.9757999992183
25.7571;61.9757999992183
23.90683;61.40794
24.24118;61.86409
16.49;48.15
-1.41523;52.76817
-3.15944;54.54257
23.89793;61.49754
24.64151;61.60221
3.06482;46.18482
6.11;49.48
6.11;49.48
7.12677;48.45353
3.19575;46.54485
16.41;48.3
15.66;47.95
9.59;47.23
2.1404;47.26212
-75.86;44.47
22.0713;62.34281
23.51305;61.57806
16.1;47.94
17.04;47.9
9.59;47.46
6.30867;44.06403
-0.56653;53.53281
-70.92517;42.26925
7.12677;48.45353
7.12677;48.45353
7.12677;48.45353
16.82;48.3
9.95528;50.5953
-0.99353;43.14027
16.35;48.06
-0.99353;43.14027
-70.90225;42.28122
9.67139;51.3128
7;51
13.362;48.946
11.4887;48.2608
16.29;48.06
16.19;48.07
7.12677;48.45353
6.36;49.5
-0.99353;43.14027
6.67691;43.96218
12.4742;48.9133
6.97072;50.5386
22.27772;62.26008
7.12677;48.45353
-1.62098;43.29539
3.32626;46.54456
7.12677;48.45353
8;48
-3.89554;52.33093
9.67139;51.3128
3.19575;46.54485
7.12677;48.45353
15.7;47.8
-1.62098;43.29539
7.12677;48.45353
23.89793;61.49754
6.02;49.49
14.8;48.26
23.89793;61.49754
9.67139;51.3128
9.74;47.5
0.42271;52.34782
11.25;46.75
9;49
13.58;47.85
-1.99254;53.07843
6.11;49.47
6.36;49.5
7.12677;48.45353
7.12677;48.45353
6.67691;43.96218
7.12677;48.45353
23.89793;61.49754
-2.35935;54.09369
12.89;47.55
6.67691;43.96218
7.2214;50.4642
-0.74234;43.05925
-0.43346;46.13295
16.27;48.3
16.19;48.11
9.82;47.5
24.24118;61.86409
7.12677;48.45353
-0.43346;46.13295
23.52308;61.48849
-2.02845;52.0629
14.62;48.04
9;47
13.4921;48.9297
-70.92517;42.26925
-1.62098;43.29539
-0.56653;53.53281
1.30903;52.41626
7.39891;49.2038
6.67691;43.96218
6.36;49.5
6.67691;43.96218
-0.99353;43.14027
3.32626;46.54456
16.26;48.13
11.34;46.5
16.21;47.96
7.12677;48.45353
7.12677;48.45353
25.5452;62.2205999992228
6.36;49.48
7.12677;48.45353
-1.62098;43.29539
22.81029;61.19882
14.31;47.55
16.21;48.09
6.55244;43.96629
6.67691;43.96218
13.4124;48.9375
12.9019;50.8773
-112.86;53.68
7;51
4.423;50.75
6.67691;43.96218
6.30867;44.06403
23.90683;61.40794
7;51
7.12677;48.45353
7.12677;48.45353
6.11;49.48
2.1404;47.26212
6.55244;43.96629
9.67139;51.3128
23.89793;61.49754
7;50
-0.74234;43.05925
-112.86;53.68
23.65;52.73
23.89793;61.49754
15.42;47.05
16.28;48.17
7.12677;48.45353
6.67691;43.96218
6.30867;44.06403
14.27;47.48
6.30867;44.06403
6.98695;50.7487
3.06482;46.18482
7.12677;48.45353
7.12677;48.45353
7.12677;48.45353
