kod;delka;datum;cas;teplota;oblast;jedinec;instar;poznamka;fotka
110;0.387;14.7.2014 9:45;190:45:00;15;Bestvina;BSW15005;l2;;7
111;0.393;15.7.2014 15:00;220:00:00;15;Bestvina;BSW15005;l2;;8
136;0.423;13.7.2014 9:30;166:30:00;15;Bestvina;BSW15006;l2;;7
137;0.409;14.7.2014 9:45;190:45:00;15;Bestvina;BSW15006;l2;;8
138;0.417;15.7.2014 15:00;220:00:00;15;Bestvina;BSW15006;l2;;9
139;0.421;17.7.2014 14:00;267:00:00;15;Bestvina;BSW15006;l2;;10
161;0.418;14.7.2014 9:45;190:45:00;15;Bestvina;BSW15007;l2;;6
162;0.446;15.7.2014 15:00;220:00:00;15;Bestvina;BSW15007;l2;;7
163;0.449;17.7.2014 14:00;267:00:00;15;Bestvina;BSW15007;l2;;8
216;0.389;24.7.2014 15:00;360:00:00;15;Bestvina;BSW15009;l2;;9
217;0.39;25.7.2014 11:00;380:00:00;15;Bestvina;BSW15009;l2;;10
218;0.387;26.7.2014 20:00;413:00:00;15;Bestvina;BSW15009;l2;;11
219;0.387;27.7.2014 20:00;437:00:00;15;Bestvina;BSW15009;l2;;12
220;0.369;28.7.2014 19:00;460:00:00;15;Bestvina;BSW15009;l2;;13
262;0.41;19.6.2014 8:00;46:30:00;18;Bestvina;BSW18001;l2;;3
263;0.413;20.6.2014 8:30;71:00:00;18;Bestvina;BSW18001;l2;;4
265;0.414;22.6.2014 8:30;119:00:00;18;Bestvina;BSW18001;l2;;6
288;0.409;19.6.2014 8:00;46:30:00;18;Bestvina;BSW18002;l2;;3
289;0.402;20.6.2014 8:30;71:00:00;18;Bestvina;BSW18002;l2;;4
290;0.406;21.6.2014 7:45;94:15:00;18;Bestvina;BSW18002;l2;;5
291;0.438;22.6.2014 8:30;119:00:00;18;Bestvina;BSW18002;l2;;6
314;0.401;25.6.2014 10:30;98:45:00;18;Bestvina;BSW18003;l2;;3
315;0.413;26.6.2014 12:00;124:15:00;18;Bestvina;BSW18003;l2;;4
316;0.413;27.6.2014 15:00;151:15:00;18;Bestvina;BSW18003;l2;;5
341;0.42;25.6.2014 10:30;98:45:00;18;Bestvina;BSW18004;l2;;4
342;0.427;26.6.2014 12:00;124:15:00;18;Bestvina;BSW18004;l2;;5
343;0.447;27.6.2014 15:00;151:15:00;18;Bestvina;BSW18004;l2;;6
366;0.439;25.6.2014 10:30;74:00:00;18;Bestvina;BSW18005;l2;;3
367;0.431;26.6.2014 12:00;99:30:00;18;Bestvina;BSW18005;l2;;4
368;0.439;28.6.2014 15:00;150:30:00;18;Bestvina;BSW18005;l2;;5
369;0.454;29.6.2014 10:00;169:30:00;18;Bestvina;BSW18005;l2;;6
371;0.467;1.7.2014 11:00;218:30:00;18;Bestvina;BSW18005;l2;;8
421;0.446;2.7.2014 14:00;119:00:00;18;Bestvina;BSW18007;l2;;6
422;0.453;3.7.2014 14:00;143:00:00;18;Bestvina;BSW18007;l2;;7
423;0.463;4.7.2014 15:00;168:00:00;18;Bestvina;BSW18007;l2;;8
424;0.479;5.7.2014 15:00;192:00:00;18;Bestvina;BSW18007;l2;;9
472;0.406;1.7.2014 11:00;92:00:00;18;Bestvina;BSW18009;l2;;5
473;0.406;2.7.2014 14:00;119:00:00;18;Bestvina;BSW18009;l2;;6
496;0.405;29.6.2014 10:00;43:00:00;18;Bestvina;BSW18010;l2;;3
497;0.398;30.6.2014 10:00;67:00:00;18;Bestvina;BSW18010;l2;;4
498;0.415;1.7.2014 11:00;92:00:00;18;Bestvina;BSW18010;l2;;5
499;0.412;2.7.2014 14:00;119:00:00;18;Bestvina;BSW18010;l2;;6
500;0.428;3.7.2014 14:00;143:00:00;18;Bestvina;BSW18010;l2;;7
549;0.412;1.7.2014 11:00;68:00:00;18;Bestvina;BSW18013;l2;;4
575;0.386;1.7.2014 11:00;68:00:00;18;Bestvina;BSW18014;l2;;4
576;0.372;2.7.2014 14:00;95:00:00;18;Bestvina;BSW18014;l2;;5
577;0.386;3.7.2014 14:00;119:00:00;18;Bestvina;BSW18014;l2;;6
601;0.429;1.7.2014 11:00;68:00:00;18;Bestvina;BSW18015;l2;;4
602;0.424;2.7.2014 14:00;95:00:00;18;Bestvina;BSW18015;l2;;5
603;0.411;3.7.2014 14:00;119:00:00;18;Bestvina;BSW18015;l2;;6
626;0.398;2.7.2014 14:00;95:00:00;18;Bestvina;BSW18016;l2;;3
627;0.406;3.7.2014 14:00;119:00:00;18;Bestvina;BSW18016;l2;;4
628;0.412;4.7.2014 15:00;144:00:00;18;Bestvina;BSW18016;l2;;5
653;0.47;1.7.2014 11:00;68:00:00;18;Bestvina;BSW18017;l2;;4
654;0.443;2.7.2014 14:00;95:00:00;18;Bestvina;BSW18017;l2;;5
703;0.446;1.7.2014 11:00;25:00:00;18;Bestvina;BSW18019;l2;;2
704;0.453;2.7.2014 14:00;52:00:00;18;Bestvina;BSW18019;l2;;3
705;0.423;3.7.2014 14:00;76:00:00;18;Bestvina;BSW18019;l2;;4
730;0.449;2.7.2014 14:00;52:00:00;18;Bestvina;BSW18020;l2;;3
731;0.424;3.7.2014 14:00;76:00:00;18;Bestvina;BSW18020;l2;;4
732;0.45;4.7.2014 15:00;101:00:00;18;Bestvina;BSW18020;l2;;5
808;0.414;2.7.2014 14:00;52:00:00;18;Bestvina;BSW18023;l2;;3
809;0.429;3.7.2014 14:00;76:00:00;18;Bestvina;BSW18023;l2;;4
810;0.422;4.7.2014 15:00;101:00:00;18;Bestvina;BSW18023;l2;;5
833;0.419;2.7.2014 14:00;27:00:00;18;Bestvina;BSW18024;l2;;2
834;0.423;3.7.2014 14:00;51:00:00;18;Bestvina;BSW18024;l2;;3
835;0.421;4.7.2014 15:00;76:00:00;18;Bestvina;BSW18024;l2;;4
836;0.414;5.7.2014 15:00;100:00:00;18;Bestvina;BSW18024;l2;;5
837;0.418;6.7.2014 11:00;120:00:00;18;Bestvina;BSW18024;l2;;6
859;0.417;2.7.2014 14:00;27:00:00;18;Bestvina;BSW18025;l2;;2
860;0.427;3.7.2014 14:00;51:00:00;18;Bestvina;BSW18025;l2;;3
861;0.433;4.7.2014 15:00;76:00:00;18;Bestvina;BSW18025;l2;;4
889;0.419;8.7.2014 15:00;121:00:00;18;Bestvina;BSW18026;l2;;6
891;0.42;10.7.2014 12:00;166:00:00;18;Bestvina;BSW18026;l2;;8
915;0.427;9.7.2014 15:00;120:00:00;18;Bestvina;BSW18027;l2;;6
916;0.425;10.7.2014 12:00;141:00:00;18;Bestvina;BSW18027;l2;;7
917;0.417;12.7.2014 14:00;191:00:00;18;Bestvina;BSW18027;l2;;8
918;0.417;13.7.2014 9:30;210:30:00;18;Bestvina;BSW18027;l2;;9
919;0.433;14.7.2014 9:45;234:45:00;18;Bestvina;BSW18027;l2;;10
939;0.41;8.7.2014 15:00;72:00:00;18;Bestvina;BSW18028;l2;;4
940;0.407;9.7.2014 15:00;96:00:00;18;Bestvina;BSW18028;l2;;5
941;0.415;10.7.2014 12:00;117:00:00;18;Bestvina;BSW18028;l2;;6
942;0.409;12.7.2014 14:00;167:00:00;18;Bestvina;BSW18028;l2;;7
1043;0.426;9.7.2014 15:00;76:00:00;18;Bestvina;BSW18032;l2;;4
1044;0.42;10.7.2014 12:00;97:00:00;18;Bestvina;BSW18032;l2;;5
1045;0.425;12.7.2014 14:00;147:00:00;18;Bestvina;BSW18032;l2;;6
1093;0.424;8.7.2014 15:00;24:00:00;18;Bestvina;BSW18034;l2;;2
1094;0.401;9.7.2014 15:00;48:00:00;18;Bestvina;BSW18034;l2;;3
1095;0.425;10.7.2014 12:00;69:00:00;18;Bestvina;BSW18034;l2;;4
1096;0.424;12.7.2014 14:00;119:00:00;18;Bestvina;BSW18034;l2;;5
1250;0.446;14.6.2014 8:00;48:00:00;21;Bestvina;BSW21001;l2;;3
1251;0.458;15.6.2014 10:00;74:00:00;21;Bestvina;BSW21001;l2;;4
1303;0.422;15.6.2014 10:00;74:00:00;21;Bestvina;BSW21002;l2;;4
1304;0.436;16.6.2014 9:00;97:00:00;21;Bestvina;BSW21002;l2;;5
1354;0.43;14.6.2014 8:00;48:00:00;21;Bestvina;BSW21003;l2;;3
1355;0.433;15.6.2014 10:00;74:00:00;21;Bestvina;BSW21003;l2;;4
1405;0.419;13.6.2014 9:00;25:00:00;21;Bestvina;BSW21004;l2;;2
1406;0.419;14.6.2014 8:00;48:00:00;21;Bestvina;BSW21004;l2;;3
1431;0.422;19.6.2014 8:00;23:30:00;21;Bestvina;BSW21004001;l2;;2
1432;0.434;20.6.2014 8:30;48:00:00;21;Bestvina;BSW21004001;l2;;3
1433;0.435;21.6.2014 7:45;71:15:00;21;Bestvina;BSW21004001;l2;;4
1434;0.414;22.6.2014 8:30;96:00:00;21;Bestvina;BSW21004001;l2;;5
1562;0.46;14.6.2014 8:00;48:00:00;21;Bestvina;BSW21005;l2;;3
1614;0.392;21.6.2014 7:45;71:15:00;21;Bestvina;BSW21005002;l2;;3
1615;0.393;22.6.2014 8:30;96:00:00;21;Bestvina;BSW21005002;l2;;4
1668;0.434;23.6.2014 10:00;98:00:00;21;Bestvina;BSW21007;l2;;5
1669;0.435;24.6.2014 13:30;125:30:00;21;Bestvina;BSW21007;l2;;6
1693;0.46;22.6.2014 8:30;72:30:00;21;Bestvina;BSW21008;l2;;4
1694;0.425;23.6.2014 10:00;98:00:00;21;Bestvina;BSW21008;l2;;5
1850;0.446;24.6.2014 13:30;101:00:00;21;Bestvina;BSW21014;l2;;5
2032;0.425;5.7.2014 15:00;100:00:00;21;Bestvina;BSW21021;l2;;5
2033;0.433;6.7.2014 11:00;120:00:00;21;Bestvina;BSW21021;l2;;6
2034;0.43;7.7.2014 15:00;148:00:00;21;Bestvina;BSW21021;l2;;7
2082;0.38;4.7.2014 15:00;49:00:00;21;Bestvina;BSW21023;l2;;3
2083;0.403;5.7.2014 15:00;73:00:00;21;Bestvina;BSW21023;l2;;4
2084;0.406;6.7.2014 11:00;93:00:00;21;Bestvina;BSW21023;l2;;5
2108;0.412;4.7.2014 15:00;49:00:00;21;Bestvina;BSW21024;l2;;3
2109;0.404;5.7.2014 15:00;73:00:00;21;Bestvina;BSW21024;l2;;4
2134;0.41;4.7.2014 15:00;49:00:00;21;Bestvina;BSW21025;l2;;3
2135;0.404;5.7.2014 15:00;73:00:00;21;Bestvina;BSW21025;l2;;4
2136;0.401;6.7.2014 11:00;93:00:00;21;Bestvina;BSW21025;l2;;5
2187;0.396;5.7.2014 15:00;73:00:00;21;Bestvina;BSW21027;l2;;4
2188;0.384;6.7.2014 11:00;93:00:00;21;Bestvina;BSW21027;l2;;5
2317;0.419;8.7.2014 15:00;72:00:00;21;Bestvina;BSW21032;l2;;4
2318;0.423;9.7.2014 15:00;96:00:00;21;Bestvina;BSW21032;l2;;5
2319;0.431;10.7.2014 12:00;117:00:00;21;Bestvina;BSW21032;l2;;6
2322;0.444;14.7.2014 9:45;210:45:00;21;Bestvina;BSW21032;l2;;9
2343;0.466;15.6.2014 10:00;74:00:00;18;Domazlice;DSW18001;l2;;4
2344;0.446;16.6.2014 9:00;97:00:00;18;Domazlice;DSW18001;l2;;5
2394;0.434;16.6.2014 9:00;72:00:00;18;Domazlice;DSW18002;l2;;3
2395;0.444;17.6.2014 9:30;96:30:00;18;Domazlice;DSW18002;l2;;4
2449;0.427;19.6.2014 8:00;120:00:00;18;Domazlice;DSW18004;l2;;6
2472;0.422;18.6.2014 8:30;47:30:00;18;Domazlice;DSW18005;l2;;3
2473;0.409;19.6.2014 8:00;71:00:00;18;Domazlice;DSW18005;l2;;4
2497;0.414;17.6.2014 9:30;24:30:00;18;Domazlice;DSW18006;l2;;2
2498;0.401;18.6.2014 8:30;47:30:00;18;Domazlice;DSW18006;l2;;3
2499;0.429;19.6.2014 8:00;71:00:00;18;Domazlice;DSW18006;l2;;4
2500;0.419;20.6.2014 8:30;95:30:00;18;Domazlice;DSW18006;l2;;5
2524;0.443;19.6.2014 8:00;46:30:00;18;Domazlice;DSW18007;l2;;3
2525;0.436;20.6.2014 8:30;71:00:00;18;Domazlice;DSW18007;l2;;4
2550;0.426;19.6.2014 8:00;46:30:00;18;Domazlice;DSW18008;l2;;3
2551;0.462;20.6.2014 8:30;71:00:00;18;Domazlice;DSW18008;l2;;4
2552;0.44;21.6.2014 7:45;94:15:00;18;Domazlice;DSW18008;l2;;5
2628;0.424;21.6.2014 7:45;47:45:00;18;Domazlice;DSW18011;l2;;3
2629;0.444;22.6.2014 8:30;72:30:00;18;Domazlice;DSW18011;l2;;4
2630;0.429;23.6.2014 10:00;98:00:00;18;Domazlice;DSW18011;l2;;5
2682;0.439;27.6.2014 15:00;126:30:00;18;Domazlice;DSW18013;l2;;5
2683;0.454;28.6.2014 15:00;150:30:00;18;Domazlice;DSW18013;l2;;6
2705;0.429;26.6.2014 12:00;25:30:00;18;Domazlice;DSW18015;l2;;2
2706;0.414;27.6.2014 15:00;52:30:00;18;Domazlice;DSW18015;l2;;3
2707;0.411;28.6.2014 15:00;76:30:00;18;Domazlice;DSW18015;l2;;4
2708;0.41;29.6.2014 10:00;95:30:00;18;Domazlice;DSW18015;l2;;5
2709;0.385;30.6.2014 10:00;119:30:00;18;Domazlice;DSW18015;l2;;6
2734;0.412;2.7.2014 14:00;95:00:00;18;Domazlice;DSW18016;l2;;5
2735;0.387;3.7.2014 14:00;119:00:00;18;Domazlice;DSW18016;l2;;6
2736;0.426;4.7.2014 15:00;144:00:00;18;Domazlice;DSW18016;l2;;7
2737;0.414;5.7.2014 15:00;168:00:00;18;Domazlice;DSW18016;l2;;8
2738;0.412;6.7.2014 11:00;188:00:00;18;Domazlice;DSW18016;l2;;9
2759;0.468;1.7.2014 11:00;68:00:00;18;Domazlice;DSW18017;l2;;4
2760;0.466;2.7.2014 14:00;95:00:00;18;Domazlice;DSW18017;l2;;5
2761;0.443;3.7.2014 14:00;119:00:00;18;Domazlice;DSW18017;l2;;6
2762;0.46;4.7.2014 15:00;144:00:00;18;Domazlice;DSW18017;l2;;7
2763;0.432;5.7.2014 15:00;168:00:00;18;Domazlice;DSW18017;l2;;8
2764;0.433;6.7.2014 11:00;188:00:00;18;Domazlice;DSW18017;l2;;9
2786;0.442;2.7.2014 14:00;95:00:00;18;Domazlice;DSW18018;l2;;5
2787;0.452;3.7.2014 14:00;119:00:00;18;Domazlice;DSW18018;l2;;6
2788;0.427;4.7.2014 15:00;144:00:00;18;Domazlice;DSW18018;l2;;7
2789;0.449;5.7.2014 15:00;168:00:00;18;Domazlice;DSW18018;l2;;8
2790;0.439;6.7.2014 11:00;188:00:00;18;Domazlice;DSW18018;l2;;9
2811;0.454;1.7.2014 11:00;68:00:00;18;Domazlice;DSW18019;l2;;4
2812;0.445;2.7.2014 14:00;95:00:00;18;Domazlice;DSW18019;l2;;5
2837;0.439;1.7.2014 11:00;68:00:00;18;Domazlice;DSW18020;l2;;4
2838;0.448;2.7.2014 14:00;95:00:00;18;Domazlice;DSW18020;l2;;5
2839;0.438;3.7.2014 14:00;119:00:00;18;Domazlice;DSW18020;l2;;6
2840;0.443;4.7.2014 15:00;144:00:00;18;Domazlice;DSW18020;l2;;7
2890;0.397;5.7.2014 15:00;100:00:00;18;Domazlice;DSW18022;l2;;5
2916;0.437;5.7.2014 15:00;100:00:00;18;Domazlice;DSW18023;l2;;5
2917;0.421;6.7.2014 11:00;120:00:00;18;Domazlice;DSW18023;l2;;6
2918;0.443;7.7.2014 15:00;148:00:00;18;Domazlice;DSW18023;l2;;7
2919;0.43;8.7.2014 15:00;172:00:00;18;Domazlice;DSW18023;l2;;8
2920;0.44;9.7.2014 15:00;196:00:00;18;Domazlice;DSW18023;l2;;9
2943;0.423;8.7.2014 15:00;121:00:00;18;Domazlice;DSW18024;l2;;6
2944;0.424;9.7.2014 15:00;145:00:00;18;Domazlice;DSW18024;l2;;7
2945;0.445;10.7.2014 12:00;166:00:00;18;Domazlice;DSW18024;l2;;8
2946;0.463;12.7.2014 14:00;216:00:00;18;Domazlice;DSW18024;l2;;9
2947;0.454;13.7.2014 9:30;235:30:00;18;Domazlice;DSW18024;l2;;10
2969;0.393;9.7.2014 15:00;120:00:00;18;Domazlice;DSW18025;l2;;6
2970;0.418;10.7.2014 12:00;141:00:00;18;Domazlice;DSW18025;l2;;7
2971;0.419;12.7.2014 14:00;191:00:00;18;Domazlice;DSW18025;l2;;8
2972;0.427;13.7.2014 9:30;210:30:00;18;Domazlice;DSW18025;l2;;9
2973;0.415;14.7.2014 9:45;234:45:00;18;Domazlice;DSW18025;l2;;10
2993;0.434;8.7.2014 15:00;72:00:00;18;Domazlice;DSW18026;l2;;4
2994;0.423;9.7.2014 15:00;96:00:00;18;Domazlice;DSW18026;l2;;5
2995;0.44;10.7.2014 12:00;117:00:00;18;Domazlice;DSW18026;l2;;6
3045;0.443;10.7.2014 12:00;69:00:00;18;Domazlice;DSW18028;l2;;4
3046;0.431;13.7.2014 9:30;138:30:00;18;Domazlice;DSW18028;l2;;5
3070;0.465;18.6.2014 8:30;47:30:00;18;Klatovy;KSW18001;l2;;3
3071;0.441;19.6.2014 8:00;71:00:00;18;Klatovy;KSW18001;l2;;4
3072;0.436;20.6.2014 8:30;95:30:00;18;Klatovy;KSW18001;l2;;5
3073;0.451;21.6.2014 7:45;118:45:00;18;Klatovy;KSW18001;l2;;6
3095;0.417;17.6.2014 9:30;24:30:00;18;Klatovy;KSW18002;l2;;2
3096;0.427;18.6.2014 8:30;47:30:00;18;Klatovy;KSW18002;l2;;3
3097;0.414;19.6.2014 8:00;71:00:00;18;Klatovy;KSW18002;l2;;4
3098;0.431;20.6.2014 8:30;95:30:00;18;Klatovy;KSW18002;l2;;5
3124;0.465;25.6.2014 10:30;122:00:00;18;Klatovy;KSW18003;l2;;5
3125;0.435;26.6.2014 12:00;147:30:00;18;Klatovy;KSW18003;l2;;6
3151;0.376;5.7.2014 15:00;125:00:00;18;Klatovy;KSW18004;l2;;6
3152;0.372;6.7.2014 11:00;145:00:00;18;Klatovy;KSW18004;l2;;7
3153;0.395;7.7.2014 15:00;173:00:00;18;Klatovy;KSW18004;l2;;8
3154;0.376;8.7.2014 15:00;197:00:00;18;Klatovy;KSW18004;l2;;9
3155;0.367;9.7.2014 15:00;221:00:00;18;Klatovy;KSW18004;l2;;10
3156;0.374;10.7.2014 12:00;242:00:00;18;Klatovy;KSW18004;l2;;11
3174;0.415;2.7.2014 14:00;52:00:00;18;Klatovy;KSW18005;l2;;3
3175;0.408;3.7.2014 14:00;76:00:00;18;Klatovy;KSW18005;l2;;4
3176;0.402;4.7.2014 15:00;101:00:00;18;Klatovy;KSW18005;l2;;5
3254;0.403;6.7.2014 11:00;93:00:00;18;Klatovy;KSW18008;l2;;5
3255;0.409;7.7.2014 15:00;121:00:00;18;Klatovy;KSW18008;l2;;6
3358;0.424;15.6.2014 10:00;97:00:00;18;Klatovy;KSW1801002;l2;;5
3359;0.445;16.6.2014 9:00;120:00:00;18;Klatovy;KSW1801002;l2;;6
3360;0.411;17.6.2014 9:30;144:30:00;18;Klatovy;KSW1801002;l2;;7
3382;0.379;13.6.2014 9:00;48:00:00;18;Klatovy;KSW1801003;l2;;3
3383;0.422;14.6.2014 8:00;71:00:00;18;Klatovy;KSW1801003;l2;;4
3409;0.431;14.6.2014 8:00;71:00:00;18;Klatovy;KSW1801004;l2;;4
3410;0.43;15.6.2014 10:00;97:00:00;18;Klatovy;KSW1801004;l2;;5
3411;0.435;16.6.2014 9:00;120:00:00;18;Klatovy;KSW1801004;l2;;6
3435;0.408;14.6.2014 8:00;71:00:00;18;Klatovy;KSW1801005;l2;;4
3436;0.417;15.6.2014 10:00;97:00:00;18;Klatovy;KSW1801005;l2;;5
3437;0.402;16.6.2014 9:00;120:00:00;18;Klatovy;KSW1801005;l2;;6
3438;0.408;17.6.2014 9:30;144:30:00;18;Klatovy;KSW1801005;l2;;7
3459;0.428;20.6.2014 8:30;24:30:00;18;Klatovy;KSW1801006;l2;;2
3460;0.428;21.6.2014 7:45;47:45:00;18;Klatovy;KSW1801006;l2;;3
3461;0.431;22.6.2014 8:30;72:30:00;18;Klatovy;KSW1801006;l2;;4
3462;0.42;23.6.2014 10:00;98:00:00;18;Klatovy;KSW1801006;l2;;5
3463;0.448;25.6.2014 10:30;146:30:00;18;Klatovy;KSW1801006;l2;;6
3488;0.39;13.7.2014 9:30;114:30:00;18;Klatovy;KSW18011;l2;;5
3489;0.42;14.7.2014 9:45;138:45:00;18;Klatovy;KSW18011;l2;;6
3490;0.431;15.7.2014 15:00;168:00:00;18;Klatovy;KSW18011;l2;;7
3539;0.404;12.7.2014 14:00;95:00:00;18;Klatovy;KSW18013;l2;;4
3540;0.403;13.7.2014 9:30;114:30:00;18;Klatovy;KSW18013;l2;;5
3541;0.401;14.7.2014 9:45;138:45:00;18;Klatovy;KSW18013;l2;;6
3565;0.433;19.6.2014 8:00;94:00:00;15;Praha;PSW15001;l2;;4
3567;0.44;21.6.2014 7:45;141:45:00;15;Praha;PSW15001;l2;;6
3568;0.442;22.6.2014 8:30;166:30:00;15;Praha;PSW15001;l2;;7
3619;0.404;19.6.2014 8:00;94:00:00;15;Praha;PSW15003;l2;;6
3620;0.402;20.6.2014 8:30;118:30:00;15;Praha;PSW15003;l2;;7
3621;0.404;21.6.2014 7:45;141:45:00;15;Praha;PSW15003;l2;;8
3623;0.414;23.6.2014 10:00;192:00:00;15;Praha;PSW15003;l2;;10
3645;0.401;4.7.2014 15:00;125:00:00;15;Praha;PSW15004;l2;;6
3646;0.428;5.7.2014 15:00;149:00:00;15;Praha;PSW15004;l2;;7
3648;0.432;7.7.2014 15:00;197:00:00;15;Praha;PSW15004;l2;;9
3699;0.406;14.7.2014 9:45;210:45:00;15;Praha;PSW15006;l2;;8
3700;0.404;15.7.2014 15:00;240:00:00;15;Praha;PSW15006;l2;;9
3749;0.435;12.7.2014 14:00;147:00:00;15;Praha;PSW15008;l2;;6
3750;0.437;13.7.2014 9:30;166:30:00;15;Praha;PSW15008;l2;;7
3751;0.425;14.7.2014 9:45;190:45:00;15;Praha;PSW15008;l2;;8
3753;0.428;17.7.2014 14:00;267:00:00;15;Praha;PSW15008;l2;;10
3777;0.398;14.7.2014 9:45;190:45:00;15;Praha;PSW15009;l2;;8
3778;0.407;15.7.2014 15:00;220:00:00;15;Praha;PSW15009;l2;;9
3800;0.39;12.7.2014 14:00;119:00:00;15;Praha;PSW15010;l2;;5
3802;0.394;14.7.2014 9:45;162:45:00;15;Praha;PSW15010;l2;;7
3803;0.392;15.7.2014 15:00;192:00:00;15;Praha;PSW15010;l2;;8
3804;0.392;17.7.2014 14:00;239:00:00;15;Praha;PSW15010;l2;;9
3854;0.415;17.7.2014 14:00;191:00:00;15;Praha;PSW15012;l2;;7
3902;0.407;13.7.2014 9:30;90:30:00;15;Praha;PSW15014;l2;;3
3903;0.413;14.7.2014 9:45;114:45:00;15;Praha;PSW15014;l2;;4
3904;0.404;15.7.2014 15:00;144:00:00;15;Praha;PSW15014;l2;;5
3931;0.415;15.7.2014 15:00;144:00:00;15;Praha;PSW15015;l2;;6
3932;0.432;17.7.2014 14:00;191:00:00;15;Praha;PSW15015;l2;;7
3933;0.43;22.7.2014 9:00;306:00:00;15;Praha;PSW15015;l2;;8
3934;0.438;24.7.2014 15:00;360:00:00;15;Praha;PSW15015;l2;;9
3935;0.421;25.7.2014 11:00;380:00:00;15;Praha;PSW15015;l2;;10
3936;0.419;26.7.2014 20:00;413:00:00;15;Praha;PSW15015;l2;;11
3937;0.423;27.7.2014 20:00;437:00:00;15;Praha;PSW15015;l2;;12
3958;0.421;24.7.2014 15:00;360:00:00;15;Praha;PSW15016;l2;;7
3981;0.447;14.6.2014 8:00;94:00:00;18;Praha;PSW18001;l2;;4
3982;0.442;15.6.2014 10:00;120:00:00;18;Praha;PSW18001;l2;;5
4007;0.406;16.6.2014 9:00;72:00:00;18;Praha;PSW18002;l2;;4
4009;0.407;18.6.2014 8:30;119:30:00;18;Praha;PSW18002;l2;;6
4086;0.464;21.6.2014 7:45;94:15:00;18;Praha;PSW18005;l2;;5
4087;0.469;22.6.2014 8:30;119:00:00;18;Praha;PSW18005;l2;;6
4088;0.454;25.6.2014 10:30;193:00:00;18;Praha;PSW18005;l2;;7
4089;0.476;26.6.2014 12:00;218:30:00;18;Praha;PSW18005;l2;;8
4137;0.415;22.6.2014 8:30;72:30:00;18;Praha;PSW18007;l2;;4
4138;0.407;23.6.2014 10:00;98:00:00;18;Praha;PSW18007;l2;;5
4241;0.472;25.6.2014 10:30;98:45:00;18;Praha;PSW18011;l2;;4
4242;0.468;26.6.2014 12:00;124:15:00;18;Praha;PSW18011;l2;;5
4243;0.461;27.6.2014 15:00;151:15:00;18;Praha;PSW18011;l2;;6
4266;0.419;25.6.2014 10:30;74:00:00;18;Praha;PSW18012;l2;;3
4267;0.425;26.6.2014 12:00;99:30:00;18;Praha;PSW18012;l2;;4
4292;0.408;25.6.2014 10:30;74:00:00;18;Praha;PSW18013;l2;;3
4293;0.414;26.6.2014 12:00;99:30:00;18;Praha;PSW18013;l2;;4
4294;0.412;27.6.2014 15:00;126:30:00;18;Praha;PSW18013;l2;;5
4295;0.437;28.6.2014 15:00;150:30:00;18;Praha;PSW18013;l2;;6
4318;0.4;25.6.2014 10:30;74:00:00;18;Praha;PSW18014;l2;;3
4319;0.411;26.6.2014 12:00;99:30:00;18;Praha;PSW18014;l2;;4
4344;0.448;25.6.2014 10:30;74:00:00;18;Praha;PSW18015;l2;;3
4345;0.434;26.6.2014 12:00;99:30:00;18;Praha;PSW18015;l2;;4
4399;0.432;3.7.2014 14:00;119:00:00;18;Praha;PSW18017;l2;;6
4401;0.415;5.7.2014 15:00;168:00:00;18;Praha;PSW18017;l2;;8
4402;0.441;6.7.2014 11:00;188:00:00;18;Praha;PSW18017;l2;;9
4403;0.407;7.7.2014 15:00;216:00:00;18;Praha;PSW18017;l2;;10
4404;0.412;8.7.2014 15:00;240:00:00;18;Praha;PSW18017;l2;;11
4405;0.419;9.7.2014 15:00;264:00:00;18;Praha;PSW18017;l2;;12
4450;0.45;2.7.2014 14:00;95:00:00;18;Praha;PSW18019;l2;;5
4451;0.42;3.7.2014 14:00;119:00:00;18;Praha;PSW18019;l2;;6
4475;0.401;1.7.2014 11:00;68:00:00;18;Praha;PSW18020;l2;;4
4476;0.407;2.7.2014 14:00;95:00:00;18;Praha;PSW18020;l2;;5
4477;0.405;3.7.2014 14:00;119:00:00;18;Praha;PSW18020;l2;;6
4527;0.406;1.7.2014 11:00;68:00:00;18;Praha;PSW18022;l2;;4
4528;0.415;2.7.2014 14:00;95:00:00;18;Praha;PSW18022;l2;;5
4529;0.418;3.7.2014 14:00;119:00:00;18;Praha;PSW18022;l2;;6
4553;0.411;2.7.2014 14:00;76:00:00;18;Praha;PSW18023;l2;;4
4554;0.404;3.7.2014 14:00;100:00:00;18;Praha;PSW18023;l2;;5
4577;0.409;1.7.2014 11:00;25:00:00;18;Praha;PSW18024;l2;;2
4578;0.394;2.7.2014 14:00;52:00:00;18;Praha;PSW18024;l2;;3
4579;0.403;3.7.2014 14:00;76:00:00;18;Praha;PSW18024;l2;;4
4580;0.398;4.7.2014 15:00;101:00:00;18;Praha;PSW18024;l2;;5
4604;0.394;2.7.2014 14:00;52:00:00;18;Praha;PSW18025;l2;;3
4605;0.392;3.7.2014 14:00;76:00:00;18;Praha;PSW18025;l2;;4
4606;0.411;4.7.2014 15:00;101:00:00;18;Praha;PSW18025;l2;;5
4629;0.438;1.7.2014 11:00;25:00:00;18;Praha;PSW18026;l2;;2
4630;0.402;2.7.2014 14:00;52:00:00;18;Praha;PSW18026;l2;;3
4631;0.424;3.7.2014 14:00;76:00:00;18;Praha;PSW18026;l2;;4
4632;0.429;4.7.2014 15:00;101:00:00;18;Praha;PSW18026;l2;;5
4656;0.396;2.7.2014 14:00;52:00:00;18;Praha;PSW18027;l2;;3
4657;0.393;3.7.2014 14:00;76:00:00;18;Praha;PSW18027;l2;;4
4658;0.401;4.7.2014 15:00;101:00:00;18;Praha;PSW18027;l2;;5
4683;0.414;3.7.2014 14:00;76:00:00;18;Praha;PSW18028;l2;;4
4684;0.408;4.7.2014 15:00;101:00:00;18;Praha;PSW18028;l2;;5
4708;0.408;2.7.2014 14:00;52:00:00;18;Praha;PSW18029;l2;;3
4709;0.39;3.7.2014 14:00;76:00:00;18;Praha;PSW18029;l2;;4
4710;0.387;4.7.2014 15:00;101:00:00;18;Praha;PSW18029;l2;;5
4759;0.429;17.6.2014 9:30;24:30:00;18;Praha;PSW1803001;l2;;2
4760;0.441;18.6.2014 8:30;47:30:00;18;Praha;PSW1803001;l2;;3
4761;0.452;20.6.2014 8:30;95:30:00;18;Praha;PSW1803001;l2;;4
4784;0.445;16.6.2014 9:00;0:00:00;18;Praha;PSW1803002;l2;bacha zacina l2kou/varadit z rychlosti vyvoje;1
4785;0.453;17.6.2014 9:30;24:30:00;18;Praha;PSW1803002;l2;;2
4810;0.442;16.6.2014 9:00;0:00:00;18;Praha;PSW1803003;l2;bacha zacina l2kou/varadit z rychlosti vyvoje;1
4812;0.462;18.6.2014 8:30;47:30:00;18;Praha;PSW1803003;l2;;3
4836;0.411;16.6.2014 9:00;0:00:00;18;Praha;PSW1803004;l2;;1
4837;0.422;17.6.2014 9:30;24:30:00;18;Praha;PSW1803004;l2;;2
4838;0.452;18.6.2014 8:30;47:30:00;18;Praha;PSW1803004;l2;;3
4839;0.452;19.6.2014 8:00;71:00:00;18;Praha;PSW1803004;l2;;4
4864;0.431;18.6.2014 8:30;47:30:00;18;Praha;PSW1803005;l2;;3
4865;0.412;19.6.2014 8:00;71:00:00;18;Praha;PSW1803005;l2;;4
4888;0.445;16.6.2014 9:00;0:00:00;18;Praha;PSW1803006;l2;bacha zacina l2kou/varadit z rychlosti vyvoje;1
4890;0.453;18.6.2014 8:30;47:30:00;18;Praha;PSW1803006;l2;;3
4918;0.416;8.7.2014 15:00;96:00:00;18;Praha;PSW18031;l2;;5
4919;0.416;9.7.2014 15:00;120:00:00;18;Praha;PSW18031;l2;;6
4920;0.424;12.7.2014 14:00;191:00:00;18;Praha;PSW18031;l2;;7
4921;0.434;13.7.2014 9:30;210:30:00;18;Praha;PSW18031;l2;;8
4922;0.429;14.7.2014 9:45;234:45:00;18;Praha;PSW18031;l2;;9
4923;0.424;15.7.2014 15:00;264:00:00;18;Praha;PSW18031;l2;;10
4924;0.425;17.7.2014 14:00;311:00:00;18;Praha;PSW18031;l2;;11
4971;0.453;12.7.2014 14:00;147:00:00;18;Praha;PSW18033;l2;;6
4972;0.464;13.7.2014 9:30;166:30:00;18;Praha;PSW18033;l2;;7
4973;0.422;14.7.2014 9:45;190:45:00;18;Praha;PSW18033;l2;;8
4995;0.413;9.7.2014 15:00;76:00:00;18;Praha;PSW18034;l2;;4
4996;0.392;10.7.2014 12:00;97:00:00;18;Praha;PSW18034;l2;;5
4998;0.39;12.7.2014 14:00;147:00:00;18;Praha;PSW18034;l2;;7
5020;0.408;9.7.2014 15:00;48:00:00;18;Praha;PSW18035;l2;;3
5021;0.398;10.7.2014 12:00;69:00:00;18;Praha;PSW18035;l2;;4
5126;0.382;13.7.2014 9:30;114:30:00;18;Praha;PSW18039;l2;;5
5127;0.406;14.7.2014 9:45;138:45:00;18;Praha;PSW18039;l2;;6
5128;0.416;15.7.2014 15:00;168:00:00;18;Praha;PSW18039;l2;;7
5149;0.429;16.6.2014 9:00;23:00:00;21;Praha;PSW21001;l2;;2
5150;0.417;17.6.2014 9:30;47:30:00;21;Praha;PSW21001;l2;;3
5151;0.425;18.6.2014 8:30;70:30:00;21;Praha;PSW21001;l2;;4
5175;0.43;16.6.2014 9:00;23:00:00;21;Praha;PSW21002;l2;;2
5201;0.45;16.6.2014 9:00;23:00:00;21;Praha;PSW21003;l2;;2
5202;0.43;17.6.2014 9:30;47:30:00;21;Praha;PSW21003;l2;;3
5227;0.409;16.6.2014 9:00;23:00:00;21;Praha;PSW21004;l2;;2
5228;0.407;17.6.2014 9:30;47:30:00;21;Praha;PSW21004;l2;;3
5229;0.417;18.6.2014 8:30;70:30:00;21;Praha;PSW21004;l2;;4
5230;0.418;19.6.2014 8:00;94:00:00;21;Praha;PSW21004;l2;;5
5231;0.417;20.6.2014 8:30;118:30:00;21;Praha;PSW21004;l2;;6
5232;0.42;21.6.2014 7:45;141:45:00;21;Praha;PSW21004;l2;;7
5253;0.433;16.6.2014 9:00;23:00:00;21;Praha;PSW21005;l2;;2
5254;0.439;17.6.2014 9:30;47:30:00;21;Praha;PSW21005;l2;;3
5255;0.449;18.6.2014 8:30;70:30:00;21;Praha;PSW21005;l2;;4
5279;0.439;16.6.2014 9:00;23:00:00;21;Praha;PSW21006;l2;;2
5280;0.447;17.6.2014 9:30;47:30:00;21;Praha;PSW21006;l2;;3
5281;0.428;18.6.2014 8:30;70:30:00;21;Praha;PSW21006;l2;;4
5305;0.435;18.6.2014 8:30;23:00:00;21;Praha;PSW21007;l2;;2
5306;0.443;19.6.2014 8:00;46:30:00;21;Praha;PSW21007;l2;;3
5332;0.417;19.6.2014 8:00;46:30:00;21;Praha;PSW21008;l2;;3
5333;0.432;20.6.2014 8:30;71:00:00;21;Praha;PSW21008;l2;;4
5334;0.457;21.6.2014 7:45;94:15:00;21;Praha;PSW21008;l2;;5
5360;0.416;21.6.2014 7:45;94:15:00;21;Praha;PSW21009;l2;;5
5361;0.414;22.6.2014 8:30;119:00:00;21;Praha;PSW21009;l2;;6
5384;0.44;23.6.2014 10:00;121:30:00;21;Praha;PSW21010;l2;;3
5516;0.41;23.6.2014 10:00;98:00:00;21;Praha;PSW21015;l2;;5
5517;0.435;24.6.2014 13:30;125:30:00;21;Praha;PSW21015;l2;;6
5518;0.432;25.6.2014 10:30;146:30:00;21;Praha;PSW21015;l2;;7
5566;0.35;21.6.2014 7:45;47:45:00;21;Praha;PSW21017;l2;;3
5567;0.36;23.6.2014 10:00;98:00:00;21;Praha;PSW21017;l2;;4
5594;0.419;23.6.2014 10:00;98:00:00;21;Praha;PSW21018;l2;;5
5595;0.425;24.6.2014 13:30;125:30:00;21;Praha;PSW21018;l2;;6
5644;0.429;22.6.2014 8:30;48:00:00;21;Praha;PSW21020;l2;;3
5645;0.417;24.6.2014 13:30;101:00:00;21;Praha;PSW21020;l2;;4
5669;0.415;21.6.2014 7:45;23:15:00;21;Praha;PSW21021;l2;;2
5670;0.432;22.6.2014 8:30;48:00:00;21;Praha;PSW21021;l2;;3
5672;0.436;23.6.2014 10:00;73:30:00;21;Praha;PSW21021;l2;;5
5673;0.408;24.6.2014 13:30;101:00:00;21;Praha;PSW21021;l2;;6
5801;0.415;28.6.2014 15:00;76:30:00;21;Praha;PSW21026;l2;;4
5802;0.419;29.6.2014 10:00;95:30:00;21;Praha;PSW21026;l2;;5
5803;0.435;30.6.2014 10:00;119:30:00;21;Praha;PSW21026;l2;;6
5804;0.41;1.7.2014 11:00;144:30:00;21;Praha;PSW21026;l2;;7
5805;0.41;2.7.2014 14:00;171:30:00;21;Praha;PSW21026;l2;;8
5806;0.414;3.7.2014 14:00;195:30:00;21;Praha;PSW21026;l2;;9
5906;0.464;2.7.2014 14:00;95:00:00;21;Praha;PSW21030;l2;;5
5907;0.469;3.7.2014 14:00;119:00:00;21;Praha;PSW21030;l2;;6
5932;0.427;2.7.2014 14:00;95:00:00;21;Praha;PSW21031;l2;;5
5933;0.431;3.7.2014 14:00;119:00:00;21;Praha;PSW21031;l2;;6
5957;0.428;1.7.2014 11:00;68:00:00;21;Praha;PSW21032;l2;;4
5958;0.426;2.7.2014 14:00;95:00:00;21;Praha;PSW21032;l2;;5
5959;0.419;3.7.2014 14:00;119:00:00;21;Praha;PSW21032;l2;;6
5983;0.455;1.7.2014 11:00;68:00:00;21;Praha;PSW21033;l2;;4
5984;0.435;2.7.2014 14:00;95:00:00;21;Praha;PSW21033;l2;;5
6009;0.382;1.7.2014 11:00;68:00:00;21;Praha;PSW21034;l2;;4
6010;0.385;2.7.2014 14:00;95:00:00;21;Praha;PSW21034;l2;;5
6011;0.37;3.7.2014 14:00;119:00:00;21;Praha;PSW21034;l2;;6
6034;0.392;30.6.2014 10:00;43:00:00;21;Praha;PSW21035;l2;;3
6035;0.396;1.7.2014 11:00;68:00:00;21;Praha;PSW21035;l2;;4
6036;0.415;2.7.2014 14:00;95:00:00;21;Praha;PSW21035;l2;;5
6086;0.412;3.7.2014 14:00;51:00:00;21;Praha;PSW21037;l2;;3
6087;0.41;4.7.2014 15:00;76:00:00;21;Praha;PSW21037;l2;;4
6088;0.432;5.7.2014 15:00;100:00:00;21;Praha;PSW21037;l2;;5
6136;0.427;1.7.2014 11:00;0:00:00;21;Praha;PSW21039;l2;bacha zacina l2kou/varadit z rychlosti vyvoje;1
6137;0.446;2.7.2014 14:00;27:00:00;21;Praha;PSW21039;l2;;2
6138;0.435;3.7.2014 14:00;51:00:00;21;Praha;PSW21039;l2;;3
6164;0.445;5.7.2014 15:00;49:00:00;21;Praha;PSW21040;l2;;3
6165;0.458;6.7.2014 11:00;69:00:00;21;Praha;PSW21040;l2;;4
6190;0.442;5.7.2014 15:00;49:00:00;21;Praha;PSW21041;l2;;3
6191;0.45;6.7.2014 11:00;69:00:00;21;Praha;PSW21041;l2;;4
6192;0.439;7.7.2014 15:00;97:00:00;21;Praha;PSW21041;l2;;5
6216;0.451;5.7.2014 15:00;49:00:00;21;Praha;PSW21042;l2;;3
6217;0.45;6.7.2014 11:00;69:00:00;21;Praha;PSW21042;l2;;4
6218;0.447;7.7.2014 15:00;97:00:00;21;Praha;PSW21042;l2;;5
6297;0.418;9.7.2014 15:00;120:00:00;21;Praha;PSW21045;l2;;6
6298;0.417;10.7.2014 12:00;141:00:00;21;Praha;PSW21045;l2;;7
6322;0.415;8.7.2014 15:00;96:00:00;21;Praha;PSW21046;l2;;5
6323;0.411;9.7.2014 15:00;120:00:00;21;Praha;PSW21046;l2;;6
6348;0.39;8.7.2014 15:00;96:00:00;21;Praha;PSW21047;l2;;5
6349;0.379;9.7.2014 15:00;120:00:00;21;Praha;PSW21047;l2;;6
6374;0.387;8.7.2014 15:00;96:00:00;21;Praha;PSW21048;l2;;5
6400;0.422;8.7.2014 15:00;96:00:00;21;Praha;PSW21049;l2;;5
6401;0.421;9.7.2014 15:00;120:00:00;21;Praha;PSW21049;l2;;6
6402;0.427;10.7.2014 12:00;141:00:00;21;Praha;PSW21049;l2;;7
6403;0.439;12.7.2014 14:00;191:00:00;21;Praha;PSW21049;l2;;8
6425;0.386;7.7.2014 15:00;72:00:00;21;Praha;PSW21050;l2;;4
6426;0.392;8.7.2014 15:00;96:00:00;21;Praha;PSW21050;l2;;5
6450;0.401;6.7.2014 11:00;44:00:00;21;Praha;PSW21051;l2;;3
6451;0.395;7.7.2014 15:00;72:00:00;21;Praha;PSW21051;l2;;4
6452;0.389;8.7.2014 15:00;96:00:00;21;Praha;PSW21051;l2;;5
6453;0.385;9.7.2014 15:00;120:00:00;21;Praha;PSW21051;l2;;6
6454;0.403;10.7.2014 12:00;141:00:00;21;Praha;PSW21051;l2;;7
6477;0.428;7.7.2014 15:00;72:00:00;21;Praha;PSW21052;l2;;4
6478;0.427;8.7.2014 15:00;96:00:00;21;Praha;PSW21052;l2;;5
6479;0.431;9.7.2014 15:00;120:00:00;21;Praha;PSW21052;l2;;6
6502;0.418;6.7.2014 11:00;44:00:00;21;Praha;PSW21053;l2;;3
6503;0.415;7.7.2014 15:00;72:00:00;21;Praha;PSW21053;l2;;4
6529;0.424;7.7.2014 15:00;72:00:00;21;Praha;PSW21054;l2;;4
6530;0.389;8.7.2014 15:00;96:00:00;21;Praha;PSW21054;l2;;5
6531;0.415;9.7.2014 15:00;120:00:00;21;Praha;PSW21054;l2;;6
6554;0.415;6.7.2014 11:00;44:00:00;21;Praha;PSW21055;l2;;3
6555;0.391;7.7.2014 15:00;72:00:00;21;Praha;PSW21055;l2;;4
6556;0.407;8.7.2014 15:00;96:00:00;21;Praha;PSW21055;l2;;5
6581;0.418;7.7.2014 15:00;72:00:00;21;Praha;PSW21056;l2;;4
6582;0.412;8.7.2014 15:00;96:00:00;21;Praha;PSW21056;l2;;5
6583;0.424;9.7.2014 15:00;120:00:00;21;Praha;PSW21056;l2;;6
6608;0.394;9.7.2014 15:00;96:00:00;21;Praha;PSW21057;l2;;5
6631;0.386;6.7.2014 11:00;20:00:00;21;Praha;PSW21058;l2;;2
6632;0.409;7.7.2014 15:00;48:00:00;21;Praha;PSW21058;l2;;3
6688;0.422;13.7.2014 9:30;166:30:00;21;Praha;PSW21060;l2;;7
6689;0.427;14.7.2014 9:45;190:45:00;21;Praha;PSW21060;l2;;8
6711;0.391;9.7.2014 15:00;76:00:00;21;Praha;PSW21061;l2;;4
6712;0.418;10.7.2014 12:00;97:00:00;21;Praha;PSW21061;l2;;5
6738;0.394;10.7.2014 12:00;97:00:00;21;Praha;PSW21062;l2;;5
6739;0.422;12.7.2014 14:00;147:00:00;21;Praha;PSW21062;l2;;6
6763;0.434;9.7.2014 15:00;76:00:00;21;Praha;PSW21063;l2;;4
6764;0.424;10.7.2014 12:00;97:00:00;21;Praha;PSW21063;l2;;5
6815;0.41;9.7.2014 15:00;76:00:00;21;Praha;PSW21065;l2;;4
6840;0.399;9.7.2014 15:00;48:00:00;21;Praha;PSW21066;l2;;3
6841;0.418;10.7.2014 12:00;69:00:00;21;Praha;PSW21066;l2;;4
6866;0.398;9.7.2014 15:00;48:00:00;21;Praha;PSW21067;l2;;3
6867;0.415;10.7.2014 12:00;69:00:00;21;Praha;PSW21067;l2;;4
6892;0.421;9.7.2014 15:00;48:00:00;21;Praha;PSW21068;l2;;3
6893;0.445;10.7.2014 12:00;69:00:00;21;Praha;PSW21068;l2;;4
6918;0.426;9.7.2014 15:00;48:00:00;21;Praha;PSW21069;l2;;3
6944;0.407;9.7.2014 15:00;48:00:00;21;Praha;PSW21070;l2;;3
6945;0.404;10.7.2014 12:00;69:00:00;21;Praha;PSW21070;l2;;4
6972;0.396;14.7.2014 9:45;114:45:00;21;Praha;PSW21071;l2;;5
6973;0.411;15.7.2014 15:00;144:00:00;21;Praha;PSW21071;l2;;6
6998;0.414;14.7.2014 9:45;114:45:00;21;Praha;PSW21072;l2;;5
6999;0.418;15.7.2014 15:00;144:00:00;21;Praha;PSW21072;l2;;6
7000;0.408;17.7.2014 14:00;191:00:00;21;Praha;PSW21072;l2;;7
7022;0.441;10.6.2014 10:00;48:00:00;25;Praha;PSW2504001;l2;;3
7023;0.461;11.6.2014 9:00;71:00:00;25;Praha;PSW2504001;l2;;4
7047;0.398;11.6.2014 9:00;23:00:00;25;Praha;PSW2504002;l2;;2
;;;;;;;;;
;;;;;;;;;
;;;;;;;;;
;;;;;;;;;
;;;;;;;;;
;;;;;;;;;
;;;;;;;;;
;;;;;;;;;
;;;;;;;;;
;;;;;;;;;
;;;;;;;;;
;;;;;;;;;
;;;;;;;;;
;;;;;;;;;
;;;;;;;;;
;;;;;;;;;
;;;;;;;;;
;;;;;;;;;
;;;;;;;;;
;;;;;;;;;
;;;;;;;;;
;;;;;;;;;
;;;;;;;;;
;;;;;;;;;
;;;;;;;;;
;;;;;;;;;
;;;;;;;;;
;;;;;;;;;
;;;;;;;;;
;;;;;;;;;
;;;;;;;;;
;;;;;;;;;
;;;;;;;;;
;;;;;;;;;
;;;;;;;;;
;;;;;;;;;
;;;;;;;;;
;;;;;;;;;
;;;;;;;;;
;;;;;;;;;
;;;;;;;;;
;;;;;;;;;
;;;;;;;;;
;;;;;;;;;
;;;;;;;;;
;;;;;;;;;
;;;;;;;;;
;;;;;;;;;
;;;;;;;;;
;;;;;;;;;
;;;;;;;;;
;;;;;;;;;
;;;;;;;;;
;;;;;;;;;
;;;;;;;;;
;;;;;;;;;
;;;;;;;;;
;;;;;;;;;
;;;;;;;;;
;;;;;;;;;
;;;;;;;;;
;;;;;;;;;
;;;;;;;;;
;;;;;;;;;
;;;;;;;;;
;;;;;;;;;
;;;;;;;;;
;;;;;;;;;
;;;;;;;;;
;;;;;;;;;
;;;;;;;;;
;;;;;;;;;
;;;;;;;;;
;;;;;;;;;
;;;;;;;;;
;;;;;;;;;
;;;;;;;;;
;;;;;;;;;
;;;;;;;;;
;;;;;;;;;
;;;;;;;;;
;;;;;;;;;
;;;;;;;;;
;;;;;;;;;
;;;;;;;;;
;;;;;;;;;
;;;;;;;;;
;;;;;;;;;
;;;;;;;;;
;;;;;;;;;
;;;;;;;;;
;;;;;;;;;
;;;;;;;;;
;;;;;;;;;
;;;;;;;;;
;;;;;;;;;
;;;;;;;;;
;;;;;;;;;
;;;;;;;;;
;;;;;;;;;
;;;;;;;;;
;;;;;;;;;
;;;;;;;;;
;;;;;;;;;
;;;;;;;;;
;;;;;;;;;
;;;;;;;;;
;;;;;;;;;
;;;;;;;;;
;;;;;;;;;
;;;;;;;;;
;;;;;;;;;
;;;;;;;;;
;;;;;;;;;
;;;;;;;;;
;;;;;;;;;
;;;;;;;;;
;;;;;;;;;
;;;;;;;;;
;;;;;;;;;
;;;;;;;;;
;;;;;;;;;
;;;;;;;;;
;;;;;;;;;
;;;;;;;;;
;;;;;;;;;
;;;;;;;;;
;;;;;;;;;
;;;;;;;;;
;;;;;;;;;
;;;;;;;;;
;;;;;;;;;
;;;;;;;;;
;;;;;;;;;
;;;;;;;;;
;;;;;;;;;
;;;;;;;;;
;;;;;;;;;
;;;;;;;;;
;;;;;;;;;
